time_min,NO3- (uM),NO2- (uM),O3 (nM),H2O2 (uM),OH (pM),HO2 (pM),O2- (pM),ONOOH (pM),ONOO- (pM),O2NOOH (pM),O2NOO- (pM),O3- (pM),HO3 (pM),O (pM)
0.0000,1.000000e-24,9.997489e-25,1.000000e-21,9.999776e-25,1.000000e-18,6.270012e-21,9.937300e-19,2.847472e-19,7.152528e-19,7.358756e-20,9.264124e-19,1.000000e-18,1.000000e-18,1.000000e-18
0.0333,3.156466e-03,1.504383e-05,1.400577e-01,5.622779e-04,3.112670e+00,3.035398e-02,4.756964e+00,1.933211e+00,4.801682e+00,8.869336e-01,1.104092e+01,6.540477e-03,2.760401e-04,1.075159e-06
0.0667,1.276140e-02,3.459855e-05,2.855203e-01,2.200035e-03,3.696330e+00,4.119658e-02,6.246405e+00,4.245278e+00,1.020176e+01,2.234201e+00,2.690861e+01,8.316680e-03,7.118050e-04,1.015168e-06
0.1000,2.931672e-02,5.524143e-05,4.303134e-01,4.995093e-03,4.132036e+00,5.223132e-02,7.503501e+00,6.574976e+00,1.497018e+01,3.877609e+00,4.424834e+01,8.795037e-03,1.294045e-03,9.282476e-07
0.1333,5.308340e-02,7.814157e-05,5.584946e-01,8.990276e-03,4.440962e+00,6.423531e-02,8.585654e+00,9.147352e+00,1.937737e+01,6.090246e+00,6.465980e+01,8.545717e-03,1.906844e-03,8.456599e-07
0.1667,8.362247e-02,1.041918e-04,6.712256e-01,1.406728e-02,4.649379e+00,7.767738e-02,9.531157e+00,1.204545e+01,2.342470e+01,9.084197e+00,8.853960e+01,8.125144e-03,2.526457e-03,7.751436e-07
0.2000,1.205107e-01,1.339348e-04,7.732854e-01,2.012193e-02,4.786289e+00,9.289168e-02,1.036912e+01,1.528886e+01,2.704832e+01,1.308254e+01,1.159998e+02,7.692637e-03,3.147735e-03,7.163330e-07
0.2333,1.633401e-01,1.676774e-04,8.675329e-01,2.706199e-02,4.873694e+00,1.101297e-01,1.112286e+01,1.886285e+01,3.019390e+01,1.831710e+01,1.469497e+02,7.287624e-03,3.767112e-03,6.668111e-07
0.2667,2.117192e-01,2.055723e-04,9.555243e-01,3.480495e-02,4.926855e+00,1.295849e-01,1.181073e+01,2.273517e+01,3.284131e+01,2.502586e+01,1.811804e+02,6.917747e-03,4.381679e-03,6.243800e-07
0.3000,2.652712e-01,2.476728e-04,1.038066e+00,4.327599e-02,4.956224e+00,1.514112e-01,1.244723e+01,2.686451e+01,3.500205e+01,3.344753e+01,2.184131e+02,6.581776e-03,4.988891e-03,5.873923e-07
0.3333,3.236358e-01,2.939702e-04,1.115556e+00,5.240673e-02,4.969000e+00,1.757376e-01,1.304391e+01,3.120545e+01,3.670908e+01,4.381583e+01,2.583295e+02,6.276260e-03,5.586614e-03,5.546525e-07
0.3667,3.864684e-01,3.444185e-04,1.188168e+00,6.213397e-02,4.970180e+00,2.026767e-01,1.361001e+01,3.571188e+01,3.800733e+01,5.635362e+01,3.005914e+02,5.997437e-03,6.172970e-03,5.252966e-07
0.4000,4.534403e-01,3.989499e-04,1.255963e+00,7.239890e-02,4.963254e+00,2.323303e-01,1.415293e+01,4.033929e+01,3.894653e+01,7.126813e+01,3.448544e+02,5.741833e-03,6.746271e-03,4.986911e-07
0.4333,5.242388e-01,4.574858e-04,1.318964e+00,8.314653e-02,4.950592e+00,2.647918e-01,1.467848e+01,4.504649e+01,3.957650e+01,8.874696e+01,3.907779e+02,5.506382e-03,7.304974e-03,4.743624e-07
0.4667,5.982808e-01,5.238403e-04,1.437875e+00,9.442533e-02,4.698118e+00,2.856772e-01,1.446474e+01,5.081956e+01,4.078176e+01,1.099363e+02,4.421568e+02,5.254134e-03,7.777946e-03,4.559543e-07
0.5000,6.749922e-01,5.993763e-04,1.594722e+00,1.063073e-01,4.451126e+00,3.040390e-01,1.412052e+01,5.752450e+01,4.234229e+01,1.356333e+02,5.003660e+02,5.046335e-03,8.247920e-03,4.419752e-07
0.5333,7.541097e-01,6.839192e-04,1.773247e+00,1.187609e-01,4.218488e+00,3.213528e-01,1.374514e+01,6.452515e+01,4.374175e+01,1.654635e+02,5.621720e+02,4.853981e-03,8.687052e-03,4.307073e-07
0.5667,8.353844e-01,7.772094e-04,1.971983e+00,1.317568e-01,3.998369e+00,3.376293e-01,1.335131e+01,7.163112e+01,4.489372e+01,1.991598e+02,6.255840e+02,4.672211e-03,9.092409e-03,4.216258e-07
0.6000,9.185365e-01,8.787549e-04,2.188001e+00,1.452468e-01,3.789279e+00,3.528357e-01,1.294678e+01,7.870507e+01,4.577118e+01,2.364393e+02,6.891426e+02,4.490586e-03,9.443602e-03,4.143170e-07
0.6333,1.003293e+00,9.879260e-04,2.426358e+00,1.591996e-01,3.591609e+00,3.668911e-01,1.253547e+01,8.563581e+01,4.637231e+01,2.769451e+02,7.516178e+02,4.323085e-03,9.770835e-03,4.087619e-07
0.6667,1.089332e+00,1.103998e-03,2.688644e+00,1.736100e-01,3.405269e+00,3.797309e-01,1.212141e+01,9.233494e+01,4.671359e+01,3.202496e+02,8.120181e+02,4.168395e-03,1.007042e-02,4.048283e-07
0.7000,1.176493e+00,1.226173e-03,2.975892e+00,1.884638e-01,3.229373e+00,3.913480e-01,1.170758e+01,9.871098e+01,4.680254e+01,3.658772e+02,8.694394e+02,4.020717e-03,1.034049e-02,4.023896e-07
0.7333,1.264916e+00,1.353477e-03,3.289343e+00,2.037436e-01,3.063362e+00,4.018497e-01,1.129690e+01,1.046747e+02,4.663771e+01,4.134125e+02,9.231645e+02,3.875278e-03,1.058062e-02,4.013546e-07
0.7667,1.354606e+00,1.484871e-03,3.629137e+00,2.194277e-01,2.907396e+00,4.113653e-01,1.089333e+01,1.101495e+02,4.622909e+01,4.624117e+02,9.726617e+02,3.732328e-03,1.078911e-02,4.016156e-07
0.8000,1.445329e+00,1.619395e-03,3.994316e+00,2.354893e-01,2.761567e+00,4.199767e-01,1.050039e+01,1.150761e+02,4.560005e+01,5.123176e+02,1.017465e+03,3.593334e-03,1.096394e-02,4.030440e-07
0.8333,1.536776e+00,1.756179e-03,4.383439e+00,2.518979e-01,2.625580e+00,4.277246e-01,1.012011e+01,1.194092e+02,4.477738e+01,5.624938e+02,1.057155e+03,3.458842e-03,1.110322e-02,4.055141e-07
0.8667,1.628956e+00,1.894348e-03,4.795797e+00,2.686218e-01,2.498543e+00,4.346909e-01,9.753003e+00,1.231124e+02,4.377836e+01,6.123789e+02,1.091385e+03,3.325469e-03,1.120858e-02,4.089415e-07
0.9000,1.721900e+00,2.032956e-03,5.230520e+00,2.856306e-01,2.380263e+00,4.409920e-01,9.400086e+00,1.261666e+02,4.262316e+01,6.615217e+02,1.120070e+03,3.194669e-03,1.128271e-02,4.132548e-07
0.9333,1.815519e+00,2.171183e-03,5.686108e+00,3.028958e-01,2.270337e+00,4.467158e-01,9.062211e+00,1.285796e+02,4.134042e+01,7.094605e+02,1.143223e+03,3.066616e-03,1.132828e-02,4.183707e-07
0.9667,1.909752e+00,2.308268e-03,6.161129e+00,3.203925e-01,2.168462e+00,4.519561e-01,8.739981e+00,1.303719e+02,3.995749e+01,7.558140e+02,1.160992e+03,2.942671e-03,1.134906e-02,4.242156e-07
1.0000,2.004506e+00,2.443556e-03,6.653739e+00,3.380988e-01,2.074203e+00,4.567962e-01,8.433770e+00,1.315817e+02,3.850301e+01,8.002469e+02,1.173609e+03,2.823095e-03,1.134858e-02,4.307100e-07
1.0333,2.099751e+00,2.576454e-03,7.161914e+00,3.559960e-01,1.987144e+00,4.613297e-01,8.143771e+00,1.322559e+02,3.700235e+01,8.425341e+02,1.181413e+03,2.708348e-03,1.133049e-02,4.377752e-07
1.0667,2.195347e+00,2.706466e-03,7.683416e+00,3.740692e-01,1.906960e+00,4.656332e-01,7.870195e+00,1.324552e+02,3.548221e+01,8.824992e+02,1.184830e+03,2.599539e-03,1.129869e-02,4.453292e-07
1.1000,2.291370e+00,2.833178e-03,8.215466e+00,3.923049e-01,1.833031e+00,4.698096e-01,7.612867e+00,1.322398e+02,3.396162e+01,9.200976e+02,1.184296e+03,2.495054e-03,1.125572e-02,4.532804e-07
1.1333,2.387849e+00,2.956207e-03,8.754825e+00,4.106895e-01,1.765012e+00,4.739576e-01,7.371706e+00,1.316713e+02,3.245785e+01,9.554069e+02,1.180367e+03,2.395731e-03,1.120351e-02,4.615325e-07
1.1667,2.484706e+00,3.075359e-03,9.298197e+00,4.292105e-01,1.702462e+00,4.781557e-01,7.146600e+00,1.308165e+02,3.098793e+01,9.884911e+02,1.173553e+03,2.301326e-03,1.114433e-02,4.699877e-07
1.2000,2.582013e+00,3.190494e-03,9.842653e+00,4.478566e-01,1.644919e+00,4.824892e-01,6.937110e+00,1.297321e+02,2.956231e+01,1.019522e+03,1.164361e+03,2.211533e-03,1.107997e-02,4.785616e-07
1.2333,2.679744e+00,3.301571e-03,1.038595e+01,4.666189e-01,1.592023e+00,4.870247e-01,6.742814e+00,1.284742e+02,2.819071e+01,1.048678e+03,1.153274e+03,2.126668e-03,1.101308e-02,4.871864e-07
1.2667,2.777834e+00,3.408622e-03,1.092599e+01,4.854914e-01,1.543433e+00,4.918132e-01,6.563188e+00,1.270937e+02,2.688058e+01,1.076137e+03,1.140729e+03,2.046859e-03,1.094536e-02,4.957980e-07
1.3000,2.876333e+00,3.511756e-03,1.146047e+01,5.044685e-01,1.498723e+00,4.969084e-01,6.397523e+00,1.256298e+02,2.563470e+01,1.102106e+03,1.127090e+03,1.971326e-03,1.087760e-02,5.043307e-07
1.3333,2.975330e+00,3.598021e-03,1.192484e+01,5.235281e-01,1.472932e+00,5.065662e-01,6.297657e+00,1.248974e+02,2.460912e+01,1.128702e+03,1.114607e+03,1.923095e-03,1.094661e-02,5.112975e-07
1.3667,3.074901e+00,3.670690e-03,1.228681e+01,5.426381e-01,1.455260e+00,5.192246e-01,6.238586e+00,1.249680e+02,2.379742e+01,1.158905e+03,1.106060e+03,1.877402e-03,1.101524e-02,5.158022e-07
1.4000,3.175106e+00,3.738977e-03,1.259337e+01,5.617943e-01,1.440256e+00,5.336921e-01,6.202407e+00,1.251738e+02,2.305595e+01,1.192222e+03,1.100592e+03,1.832076e-03,1.107274e-02,5.188705e-07
1.4333,3.275751e+00,3.805685e-03,1.286491e+01,5.809962e-01,1.427011e+00,5.496248e-01,6.183436e+00,1.254017e+02,2.235975e+01,1.227862e+03,1.097269e+03,1.788786e-03,1.112488e-02,5.209934e-07
1.4667,3.376830e+00,3.871964e-03,1.311068e+01,6.002430e-01,1.415075e+00,5.668417e-01,6.178131e+00,1.256374e+02,2.170273e+01,1.265210e+03,1.095363e+03,1.747220e-03,1.117474e-02,5.224108e-07
1.5000,3.478451e+00,3.938290e-03,1.333576e+01,6.195333e-01,1.404186e+00,5.852223e-01,6.183815e+00,1.258783e+02,2.108076e+01,1.303902e+03,1.094411e+03,1.707391e-03,1.122348e-02,5.232637e-07
1.5333,3.580429e+00,4.004934e-03,1.354268e+01,6.388652e-01,1.394243e+00,6.046496e-01,6.198610e+00,1.261281e+02,2.049285e+01,1.343618e+03,1.094124e+03,1.669794e-03,1.127127e-02,5.236306e-07
1.5667,3.682720e+00,4.072076e-03,1.373321e+01,6.582362e-01,1.385065e+00,6.250408e-01,6.220974e+00,1.263874e+02,1.993672e+01,1.384120e+03,1.094268e+03,1.633969e-03,1.131822e-02,5.235677e-07
1.6000,3.785273e+00,4.139808e-03,1.390849e+01,6.776431e-01,1.376533e+00,6.463222e-01,6.249624e+00,1.266546e+02,1.941001e+01,1.425256e+03,1.094706e+03,1.599995e-03,1.136387e-02,5.231165e-07
1.6333,3.888082e+00,4.208209e-03,1.406981e+01,6.970827e-01,1.368518e+00,6.684485e-01,6.283621e+00,1.269296e+02,1.891059e+01,1.466903e+03,1.095326e+03,1.567446e-03,1.140871e-02,5.223173e-07
1.6667,3.991096e+00,4.277282e-03,1.421840e+01,7.165527e-01,1.360975e+00,6.913766e-01,6.322200e+00,1.272130e+02,1.843678e+01,1.508999e+03,1.096080e+03,1.536608e-03,1.145280e-02,5.212079e-07
1.7000,4.094273e+00,4.347061e-03,1.435496e+01,7.360506e-01,1.353829e+00,7.150832e-01,6.364846e+00,1.275061e+02,1.798715e+01,1.551464e+03,1.096915e+03,1.507090e-03,1.149618e-02,5.198130e-07
1.7333,4.197763e+00,4.417515e-03,1.448084e+01,7.555746e-01,1.347003e+00,7.395733e-01,6.411066e+00,1.278073e+02,1.755919e+01,1.594319e+03,1.097803e+03,1.478690e-03,1.153982e-02,5.181686e-07
1.7667,4.301643e+00,4.488623e-03,1.459634e+01,7.751223e-01,1.340457e+00,7.648586e-01,6.460571e+00,1.281169e+02,1.715126e+01,1.637594e+03,1.098743e+03,1.451164e-03,1.158318e-02,5.162906e-07
1.8000,4.405862e+00,4.560409e-03,1.470154e+01,7.946899e-01,1.334189e+00,7.909397e-01,6.513169e+00,1.284339e+02,1.676211e+01,1.681296e+03,1.099748e+03,1.424704e-03,1.162571e-02,5.141901e-07
1.8333,4.510394e+00,4.632913e-03,1.479729e+01,8.142750e-01,1.328173e+00,8.178307e-01,6.568766e+00,1.287597e+02,1.639081e+01,1.725408e+03,1.100810e+03,1.399241e-03,1.166805e-02,5.118887e-07
1.8667,4.615444e+00,4.706102e-03,1.488465e+01,8.338763e-01,1.322352e+00,8.455768e-01,6.627216e+00,1.290936e+02,1.603551e+01,1.769987e+03,1.101915e+03,1.374421e-03,1.171082e-02,5.094125e-07
1.9000,4.721146e+00,4.779939e-03,1.496416e+01,8.534922e-01,1.316724e+00,8.742244e-01,6.688478e+00,1.294360e+02,1.569493e+01,1.815117e+03,1.103085e+03,1.350187e-03,1.175426e-02,5.067779e-07
1.9333,4.827353e+00,4.854435e-03,1.503592e+01,8.731211e-01,1.311343e+00,9.037903e-01,6.752635e+00,1.297894e+02,1.536898e+01,1.860808e+03,1.104351e+03,1.326968e-03,1.179798e-02,5.039918e-07
1.9667,4.933933e+00,4.929652e-03,1.509999e+01,8.927610e-01,1.306206e+00,9.342930e-01,6.819765e+00,1.301552e+02,1.505733e+01,1.907021e+03,1.105711e+03,1.304696e-03,1.184181e-02,5.010588e-07
2.0000,5.040855e+00,5.005634e-03,1.515679e+01,9.124108e-01,1.301282e+00,9.657522e-01,6.889827e+00,1.305324e+02,1.475914e+01,1.953734e+03,1.107154e+03,1.283335e-03,1.188574e-02,4.979904e-07
2.0333,5.148108e+00,5.082414e-03,1.520675e+01,9.320693e-01,1.296542e+00,9.981941e-01,6.962805e+00,1.309209e+02,1.447365e+01,2.000933e+03,1.108668e+03,1.262790e-03,1.192987e-02,4.947975e-07
2.0667,5.255734e+00,5.159997e-03,1.525056e+01,9.517359e-01,1.291964e+00,1.031652e+00,7.038665e+00,1.313204e+02,1.420003e+01,2.048628e+03,1.110248e+03,1.242982e-03,1.197465e-02,4.914954e-07
2.1000,5.363874e+00,5.238376e-03,1.528856e+01,9.714099e-01,1.287511e+00,1.066183e+00,7.117406e+00,1.317305e+02,1.393723e+01,2.096864e+03,1.111887e+03,1.223642e-03,1.202006e-02,4.880939e-07
2.1333,5.472551e+00,5.317547e-03,1.532111e+01,9.910904e-01,1.283198e+00,1.101824e+00,7.199048e+00,1.321507e+02,1.368461e+01,2.145692e+03,1.113602e+03,1.204907e-03,1.206616e-02,4.846029e-07
2.1667,5.581726e+00,5.397525e-03,1.534856e+01,1.010777e+00,1.279034e+00,1.138624e+00,7.283730e+00,1.325833e+02,1.344195e+01,2.195118e+03,1.115401e+03,1.186819e-03,1.211322e-02,4.810305e-07
2.2000,5.691445e+00,5.478318e-03,1.537102e+01,1.030469e+00,1.275007e+00,1.176635e+00,7.371504e+00,1.330276e+02,1.320859e+01,2.245176e+03,1.117287e+03,1.169295e-03,1.216099e-02,4.773818e-07
2.2333,5.801597e+00,5.559967e-03,1.538856e+01,1.050167e+00,1.271131e+00,1.215888e+00,7.462482e+00,1.334840e+02,1.298432e+01,2.295858e+03,1.119270e+03,1.152448e-03,1.220931e-02,4.736604e-07
2.2667,5.912133e+00,5.642542e-03,1.540076e+01,1.069867e+00,1.267376e+00,1.256423e+00,7.556739e+00,1.339513e+02,1.276867e+01,2.347143e+03,1.121342e+03,1.136141e-03,1.225740e-02,4.698631e-07
2.3000,6.023133e+00,5.726118e-03,1.540785e+01,1.089568e+00,1.263695e+00,1.298295e+00,7.654287e+00,1.344260e+02,1.256072e+01,2.399037e+03,1.123488e+03,1.120247e-03,1.230530e-02,4.659965e-07
2.3333,6.134604e+00,5.810699e-03,1.541068e+01,1.109269e+00,1.260093e+00,1.341553e+00,7.755187e+00,1.349092e+02,1.236021e+01,2.451555e+03,1.125709e+03,1.104842e-03,1.235361e-02,4.620766e-07
2.3667,6.246515e+00,5.896287e-03,1.540942e+01,1.128969e+00,1.256578e+00,1.386253e+00,7.859564e+00,1.354026e+02,1.216699e+01,2.504699e+03,1.128006e+03,1.089920e-03,1.240228e-02,4.581088e-07
2.4000,6.358783e+00,5.982903e-03,1.540435e+01,1.148669e+00,1.253159e+00,1.432434e+00,7.967506e+00,1.359068e+02,1.198088e+01,2.558461e+03,1.130385e+03,1.075572e-03,1.245136e-02,4.541000e-07
2.4333,6.471271e+00,6.070574e-03,1.539552e+01,1.168368e+00,1.249845e+00,1.480136e+00,8.079156e+00,1.364229e+02,1.180189e+01,2.612801e+03,1.132846e+03,1.061857e-03,1.250069e-02,4.500529e-07
2.4667,6.583935e+00,6.159365e-03,1.538258e+01,1.188063e+00,1.246605e+00,1.529402e+00,8.194575e+00,1.369489e+02,1.162956e+01,2.667689e+03,1.135377e+03,1.048649e-03,1.254957e-02,4.459646e-07
2.5000,6.696701e+00,6.249345e-03,1.536569e+01,1.207754e+00,1.243419e+00,1.580266e+00,8.313801e+00,1.374828e+02,1.146351e+01,2.723091e+03,1.137972e+03,1.035954e-03,1.259795e-02,4.418404e-07
2.5333,6.809564e+00,6.340537e-03,1.534535e+01,1.227440e+00,1.240270e+00,1.632786e+00,8.436916e+00,1.380250e+02,1.130348e+01,2.778981e+03,1.140618e+03,1.023694e-03,1.264618e-02,4.376898e-07
2.5667,6.922660e+00,6.432946e-03,1.532180e+01,1.247119e+00,1.237130e+00,1.687037e+00,8.563938e+00,1.385742e+02,1.114888e+01,2.835385e+03,1.143302e+03,1.011686e-03,1.269425e-02,4.335192e-07
2.6000,7.035817e+00,6.526587e-03,1.529507e+01,1.266790e+00,1.234032e+00,1.743045e+00,8.694966e+00,1.391308e+02,1.099974e+01,2.892296e+03,1.146046e+03,1.000173e-03,1.274180e-02,4.293314e-07
2.6333,7.148929e+00,6.621502e-03,1.526538e+01,1.286453e+00,1.230973e+00,1.800870e+00,8.830178e+00,1.396963e+02,1.085606e+01,2.949660e+03,1.148839e+03,9.891629e-04,1.278918e-02,4.251316e-07
2.6667,7.262042e+00,6.717680e-03,1.523314e+01,1.306106e+00,1.227941e+00,1.860575e+00,8.969623e+00,1.402701e+02,1.071746e+01,3.007483e+03,1.151676e+03,9.784979e-04,1.283648e-02,4.209274e-07
2.7000,7.375225e+00,6.815136e-03,1.519844e+01,1.325750e+00,1.224917e+00,1.922245e+00,9.113403e+00,1.408516e+02,1.058360e+01,3.065776e+03,1.154549e+03,9.681413e-04,1.288377e-02,4.167222e-07
2.7333,7.488637e+00,6.913863e-03,1.516139e+01,1.345382e+00,1.221887e+00,1.985976e+00,9.261570e+00,1.414387e+02,1.045391e+01,3.124598e+03,1.157457e+03,9.579793e-04,1.293096e-02,4.125200e-07
2.7667,7.602285e+00,7.013884e-03,1.512197e+01,1.365001e+00,1.218856e+00,2.051853e+00,9.414268e+00,1.420312e+02,1.032819e+01,3.183988e+03,1.160411e+03,9.480368e-04,1.297786e-02,4.083223e-07
2.8000,7.716151e+00,7.115194e-03,1.508062e+01,1.384607e+00,1.215847e+00,2.119967e+00,9.571693e+00,1.426303e+02,1.020638e+01,3.243968e+03,1.163419e+03,9.383111e-04,1.302493e-02,4.041367e-07
2.8333,7.830261e+00,7.217776e-03,1.503759e+01,1.404199e+00,1.212866e+00,2.190426e+00,9.734050e+00,1.432375e+02,1.008838e+01,3.304562e+03,1.166484e+03,9.288007e-04,1.307239e-02,3.999681e-07
2.8667,7.944730e+00,7.321640e-03,1.499268e+01,1.423776e+00,1.209900e+00,2.263355e+00,9.901506e+00,1.438512e+02,9.973833e+00,3.365821e+03,1.169606e+03,9.193558e-04,1.311990e-02,3.958153e-07
2.9000,8.059561e+00,7.426814e-03,1.494589e+01,1.443336e+00,1.206956e+00,2.338862e+00,1.007426e+01,1.444706e+02,9.862521e+00,3.427783e+03,1.172794e+03,9.101613e-04,1.316731e-02,3.916793e-07
2.9333,8.174579e+00,7.533317e-03,1.489740e+01,1.462879e+00,1.204065e+00,2.417033e+00,1.025259e+01,1.450975e+02,9.754637e+00,3.490435e+03,1.176063e+03,9.012985e-04,1.321470e-02,3.875639e-07
2.9667,8.289683e+00,7.641995e-03,1.484909e+01,1.482405e+00,1.200883e+00,2.497639e+00,1.043538e+01,1.456786e+02,9.646607e+00,3.553533e+03,1.179340e+03,8.923676e-04,1.325651e-02,3.834943e-07
3.0000,8.404973e+00,7.750518e-03,1.479791e+01,1.501913e+00,1.198453e+00,2.581723e+00,1.062661e+01,1.463608e+02,9.547943e+00,3.617351e+03,1.182703e+03,8.844969e-04,1.331232e-02,3.794329e-07
3.0333,8.520650e+00,7.856424e-03,1.473457e+01,1.521398e+00,1.197503e+00,2.670477e+00,1.083048e+01,1.473292e+02,9.469947e+00,3.683337e+03,1.186589e+03,8.778779e-04,1.338810e-02,3.752524e-07
3.0667,8.636699e+00,7.964961e-03,1.466523e+01,1.540856e+00,1.195829e+00,2.762392e+00,1.104039e+01,1.482460e+02,9.390360e+00,3.751496e+03,1.190978e+03,8.701814e-04,1.344384e-02,3.710284e-07
3.1000,8.753045e+00,8.079333e-03,1.460375e+01,1.560296e+00,1.192781e+00,2.856680e+00,1.125304e+01,1.488662e+02,9.294037e+00,3.819950e+03,1.195270e+03,8.615032e-04,1.348121e-02,3.669498e-07
3.1333,8.869700e+00,8.195603e-03,1.454763e+01,1.579719e+00,1.189941e+00,2.954577e+00,1.147307e+01,1.494644e+02,9.198601e+00,3.888334e+03,1.199355e+03,8.536264e-04,1.352896e-02,3.629923e-07
3.1667,8.986637e+00,8.313262e-03,1.449216e+01,1.599125e+00,1.187039e+00,3.055968e+00,1.169971e+01,1.500956e+02,9.107393e+00,3.957133e+03,1.203391e+03,8.458032e-04,1.357444e-02,3.590934e-07
3.2000,9.103912e+00,8.429662e-03,1.443208e+01,1.618510e+00,1.185338e+00,3.162296e+00,1.193804e+01,1.509049e+02,9.028883e+00,4.026982e+03,1.207565e+03,8.392854e-04,1.364060e-02,3.551855e-07
3.2333,9.221533e+00,8.546534e-03,1.436499e+01,1.637872e+00,1.183761e+00,3.273047e+00,1.218564e+01,1.518064e+02,8.957485e+00,4.098697e+03,1.212109e+03,8.323842e-04,1.370161e-02,3.512325e-07
3.2667,9.339401e+00,8.661872e-03,1.428895e+01,1.657206e+00,1.183614e+00,3.389894e+00,1.244832e+01,1.529089e+02,8.899330e+00,4.172726e+03,1.217151e+03,8.271963e-04,1.378548e-02,3.472106e-07
3.3000,9.457491e+00,8.782976e-03,1.421355e+01,1.676513e+00,1.181499e+00,3.509891e+00,1.271482e+01,1.537783e+02,8.829001e+00,4.248475e+03,1.222502e+03,8.198345e-04,1.382794e-02,3.432352e-07
3.3333,9.575958e+00,8.906677e-03,1.414498e+01,1.695802e+00,1.179792e+00,3.635121e+00,1.299220e+01,1.545548e+02,8.754803e+00,4.324401e+03,1.227694e+03,8.135293e-04,1.388910e-02,3.393952e-07
3.3667,9.694773e+00,9.031960e-03,1.407561e+01,1.715068e+00,1.177900e+00,3.765240e+00,1.327883e+01,1.553842e+02,8.685084e+00,4.401408e+03,1.232988e+03,8.070484e-04,1.394335e-02,3.355943e-07
3.4000,9.813838e+00,9.154910e-03,1.399921e+01,1.734309e+00,1.177862e+00,3.902686e+00,1.358289e+01,1.564793e+02,8.631483e+00,4.480248e+03,1.238599e+03,8.024069e-04,1.403017e-02,3.317564e-07
3.4333,9.933148e+00,9.276780e-03,1.390939e+01,1.753517e+00,1.178521e+00,4.047243e+00,1.390293e+01,1.578093e+02,8.591708e+00,4.562578e+03,1.244965e+03,7.979857e-04,1.411729e-02,3.277953e-07
3.4667,1.005269e+01,9.401119e-03,1.381418e+01,1.772690e+00,1.179056e+00,4.198608e+00,1.423728e+01,1.591077e+02,8.550925e+00,4.647823e+03,1.251905e+03,7.933523e-04,1.419852e-02,3.238086e-07
3.5000,1.017245e+01,9.534189e-03,1.372918e+01,1.791837e+00,1.177048e+00,4.354103e+00,1.457642e+01,1.599741e+02,8.487935e+00,4.733837e+03,1.258826e+03,7.865425e-04,1.423715e-02,3.199880e-07
3.5333,1.029246e+01,9.671630e-03,1.365724e+01,1.810964e+00,1.174930e+00,4.515675e+00,1.492653e+01,1.606682e+02,8.417174e+00,4.818888e+03,1.265270e+03,7.804236e-04,1.428774e-02,3.163799e-07
3.5667,1.041268e+01,9.809206e-03,1.358520e+01,1.830069e+00,1.173441e+00,4.684263e+00,1.529029e+01,1.615248e+02,8.356288e+00,4.904303e+03,1.271603e+03,7.749985e-04,1.434793e-02,3.128259e-07
3.6000,1.053298e+01,9.952334e-03,1.352072e+01,1.849152e+00,1.170374e+00,4.857308e+00,1.565906e+01,1.621450e+02,8.284637e+00,4.989261e+03,1.277633e+03,7.682833e-04,1.437860e-02,3.094120e-07
3.6333,1.065351e+01,1.009508e-02,1.345936e+01,1.868217e+00,1.168698e+00,5.037868e+00,1.604219e+01,1.628791e+02,8.220195e+00,5.073623e+03,1.283320e+03,7.632119e-04,1.444122e-02,3.060908e-07
3.6667,1.077445e+01,1.023820e-02,1.339362e+01,1.887257e+00,1.166992e+00,5.224909e+00,1.643561e+01,1.637337e+02,8.162916e+00,5.159044e+03,1.289070e+03,7.576910e-04,1.449476e-02,3.027667e-07
3.7000,1.089569e+01,1.038316e-02,1.332906e+01,1.906273e+00,1.165391e+00,5.418532e+00,1.683940e+01,1.645468e+02,8.104652e+00,5.244956e+03,1.294752e+03,7.524578e-04,1.455046e-02,2.995036e-07
3.7333,1.101709e+01,1.052725e-02,1.325951e+01,1.925261e+00,1.164782e+00,5.620082e+00,1.725741e+01,1.655307e+02,8.055855e+00,5.332224e+03,1.300593e+03,7.480110e-04,1.462044e-02,2.962290e-07
3.7667,1.113871e+01,1.067740e-02,1.319517e+01,1.944224e+00,1.162171e+00,5.826159e+00,1.767873e+01,1.662279e+02,7.994156e+00,5.419906e+03,1.306353e+03,7.417755e-04,1.465053e-02,2.930561e-07
3.8000,1.126059e+01,1.082990e-02,1.313878e+01,1.963167e+00,1.160028e+00,6.039057e+00,1.811004e+01,1.668375e+02,7.929468e+00,5.506605e+03,1.311699e+03,7.364340e-04,1.469864e-02,2.900234e-07
3.8333,1.138270e+01,1.098328e-02,1.308157e+01,1.982085e+00,1.157921e+00,6.258409e+00,1.854988e+01,1.675379e+02,7.870284e+00,5.593551e+03,1.316936e+03,7.310644e-04,1.474248e-02,2.870279e-07
3.8667,1.150492e+01,1.114260e-02,1.303382e+01,2.000983e+00,1.154250e+00,6.481743e+00,1.899085e+01,1.679517e+02,7.798966e+00,5.679347e+03,1.321755e+03,7.245883e-04,1.475929e-02,2.841837e-07
3.9000,1.162729e+01,1.129697e-02,1.298127e+01,2.019857e+00,1.153589e+00,6.714574e+00,1.944879e+01,1.687440e+02,7.746444e+00,5.765157e+03,1.326433e+03,7.209154e-04,1.483451e-02,2.813343e-07
3.9333,1.174979e+01,1.145417e-02,1.292304e+01,2.038700e+00,1.151449e+00,6.952182e+00,1.990959e+01,1.695562e+02,7.695821e+00,5.852784e+03,1.331385e+03,7.153897e-04,1.486672e-02,2.784567e-07
3.9667,1.187240e+01,1.161632e-02,1.287387e+01,2.057521e+00,1.148923e+00,7.195214e+00,2.037493e+01,1.701561e+02,7.636597e+00,5.939886e+03,1.336074e+03,7.100115e-04,1.490152e-02,2.757200e-07
4.0000,1.199534e+01,1.176880e-02,1.280865e+01,2.076309e+00,1.150325e+00,7.450030e+00,2.086219e+01,1.712991e+02,7.602508e+00,6.029290e+03,1.341121e+03,7.076896e-04,1.500207e-02,2.728471e-07
4.0333,1.211853e+01,1.191975e-02,1.272743e+01,2.095053e+00,1.151267e+00,7.712841e+00,2.136030e+01,1.725232e+02,7.572521e+00,6.122648e+03,1.346891e+03,7.041489e-04,1.507271e-02,2.698244e-07
4.0667,1.224187e+01,1.206176e-02,1.262712e+01,2.113750e+00,1.156341e+00,7.990881e+00,2.188895e+01,1.741607e+02,7.561020e+00,6.220345e+03,1.353458e+03,7.039917e-04,1.521708e-02,2.666230e-07
4.1000,1.236532e+01,1.220832e-02,1.251356e+01,2.132390e+00,1.158984e+00,8.277909e+00,2.243022e+01,1.758149e+02,7.550377e+00,6.324167e+03,1.361182e+03,7.010048e-04,1.529606e-02,2.632959e-07
4.1333,1.248905e+01,1.237665e-02,1.243398e+01,2.150999e+00,1.155719e+00,8.567573e+00,2.296620e+01,1.764568e+02,7.496694e+00,6.427404e+03,1.368570e+03,6.942387e-04,1.529134e-02,2.603667e-07
4.1667,1.261311e+01,1.254750e-02,1.237368e+01,2.169590e+00,1.154233e+00,8.867873e+00,2.351815e+01,1.770085e+02,7.440082e+00,6.528061e+03,1.375206e+03,6.900577e-04,1.534350e-02,2.576966e-07
4.2000,1.273737e+01,1.271603e-02,1.230681e+01,2.188147e+00,1.153657e+00,9.178086e+00,2.408384e+01,1.779202e+02,7.399440e+00,6.629556e+03,1.381841e+03,6.861279e-04,1.539910e-02,2.549988e-07
4.2333,1.286181e+01,1.288640e-02,1.223855e+01,2.206671e+00,1.153365e+00,9.497194e+00,2.466016e+01,1.789323e+02,7.363584e+00,6.732270e+03,1.388552e+03,6.823089e-04,1.545713e-02,2.523225e-07
4.2667,1.298640e+01,1.305230e-02,1.216037e+01,2.225154e+00,1.155132e+00,9.828085e+00,2.525426e+01,1.801394e+02,7.336258e+00,6.837198e+03,1.395545e+03,6.799679e-04,1.554611e-02,2.495755e-07
4.3000,1.311121e+01,1.323143e-02,1.209490e+01,2.243605e+00,1.151934e+00,1.016077e+01,2.584003e+01,1.807953e+02,7.287080e+00,6.942321e+03,1.402397e+03,6.736886e-04,1.554081e-02,2.469895e-07
4.3333,1.323641e+01,1.341985e-02,1.205691e+01,2.262042e+00,1.147988e+00,1.049805e+01,2.642434e+01,1.809572e+02,7.218906e+00,7.043131e+03,1.408190e+03,6.679619e-04,1.554919e-02,2.447339e-07
4.3667,1.336198e+01,1.361307e-02,1.203004e+01,2.280466e+00,1.143284e+00,1.083839e+01,2.700330e+01,1.811629e+02,7.153542e+00,7.141000e+03,1.413224e+03,6.617395e-04,1.554484e-02,2.426364e-07
4.4000,1.348789e+01,1.380383e-02,1.200508e+01,2.298873e+00,1.140458e+00,1.118422e+01,2.758306e+01,1.814981e+02,7.094290e+00,7.236529e+03,1.417644e+03,6.570547e-04,1.557636e-02,2.405990e-07
4.4333,1.361410e+01,1.398597e-02,1.196355e+01,2.317250e+00,1.140218e+00,1.153747e+01,2.816850e+01,1.822685e+02,7.052855e+00,7.332799e+03,1.422077e+03,6.537898e-04,1.564004e-02,2.384217e-07
4.4667,1.374046e+01,1.416235e-02,1.190505e+01,2.335588e+00,1.141381e+00,1.189812e+01,2.875969e+01,1.832981e+02,7.022046e+00,7.431649e+03,1.426891e+03,6.511193e-04,1.571479e-02,2.360921e-07
4.5000,1.386685e+01,1.433955e-02,1.183851e+01,2.353883e+00,1.142209e+00,1.226519e+01,2.935424e+01,1.843936e+02,6.994271e+00,7.533469e+03,1.432160e+03,6.480538e-04,1.577610e-02,2.336992e-07
4.5333,1.399330e+01,1.453340e-02,1.179432e+01,2.372153e+00,1.137713e+00,1.263035e+01,2.993211e+01,1.847234e+02,6.938155e+00,7.634371e+03,1.437128e+03,6.415326e-04,1.574899e-02,2.315554e-07
4.5667,1.411992e+01,1.473376e-02,1.177389e+01,2.390414e+00,1.133404e+00,1.299885e+01,3.050579e+01,1.846982e+02,6.869738e+00,7.730495e+03,1.441069e+03,6.361441e-04,1.575039e-02,2.296895e-07
4.6000,1.424677e+01,1.493316e-02,1.175472e+01,2.408659e+00,1.129814e+00,1.337063e+01,3.107518e+01,1.849091e+02,6.811146e+00,7.824389e+03,1.444483e+03,6.311316e-04,1.575997e-02,2.278706e-07
4.6333,1.437385e+01,1.513431e-02,1.173871e+01,2.426888e+00,1.126038e+00,1.374318e+01,3.163453e+01,1.851099e+02,6.753111e+00,7.916374e+03,1.447440e+03,6.259727e-04,1.576407e-02,2.261119e-07
4.6667,1.450108e+01,1.533345e-02,1.172138e+01,2.445099e+00,1.123325e+00,1.411774e+01,3.218710e+01,1.854002e+02,6.699260e+00,8.006914e+03,1.450046e+03,6.216622e-04,1.578630e-02,2.243669e-07
4.7000,1.462823e+01,1.554934e-02,1.172660e+01,2.463305e+00,1.114926e+00,1.448190e+01,3.270533e+01,1.849710e+02,6.620590e+00,8.093286e+03,1.451837e+03,6.135188e-04,1.570387e-02,2.228685e-07
4.7333,1.475543e+01,1.576975e-02,1.175626e+01,2.481525e+00,1.107605e+00,1.484222e+01,3.320451e+01,1.842121e+02,6.531553e+00,8.171467e+03,1.452106e+03,6.070715e-04,1.566819e-02,2.216484e-07
4.7667,1.488278e+01,1.598441e-02,1.178049e+01,2.499745e+00,1.101832e+00,1.519914e+01,3.368606e+01,1.838859e+02,6.459211e+00,8.245807e+03,1.451658e+03,6.015086e-04,1.564962e-02,2.204043e-07
4.8000,1.501019e+01,1.619773e-02,1.180194e+01,2.517961e+00,1.096356e+00,1.555046e+01,3.414569e+01,1.836703e+02,6.391924e+00,8.317501e+03,1.450727e+03,5.959304e-04,1.563043e-02,2.191547e-07
4.8333,1.513773e+01,1.639980e-02,1.180748e+01,2.536164e+00,1.094341e+00,1.590285e+01,3.459843e+01,1.839710e+02,6.343527e+00,8.389308e+03,1.449799e+03,5.926534e-04,1.567062e-02,2.177691e-07
4.8667,1.526543e+01,1.659574e-02,1.179526e+01,2.554342e+00,1.092588e+00,1.625467e+01,3.504097e+01,1.844756e+02,6.302850e+00,8.463873e+03,1.449329e+03,5.889830e-04,1.569679e-02,2.162203e-07
4.9000,1.539345e+01,1.678397e-02,1.176855e+01,2.572491e+00,1.093067e+00,1.661232e+01,3.548699e+01,1.852468e+02,6.271762e+00,8.541578e+03,1.449363e+03,5.867274e-04,1.576344e-02,2.145422e-07
4.9333,1.552168e+01,1.696991e-02,1.173044e+01,2.590605e+00,1.092977e+00,1.697456e+01,3.593404e+01,1.860260e+02,6.241389e+00,8.623541e+03,1.450084e+03,5.837317e-04,1.580675e-02,2.127616e-07
4.9667,1.565000e+01,1.716042e-02,1.169601e+01,2.608694e+00,1.091744e+00,1.734148e+01,3.638244e+01,1.865568e+02,6.203214e+00,8.707252e+03,1.451064e+03,5.801963e-04,1.583354e-02,2.110285e-07
5.0000,1.577854e+01,1.735795e-02,1.167216e+01,2.626763e+00,1.088780e+00,1.771154e+01,3.682861e+01,1.867569e+02,6.154685e+00,8.790825e+03,1.451974e+03,5.757328e-04,1.583382e-02,2.094140e-07
5.0333,1.590732e+01,1.756812e-02,1.167019e+01,2.644829e+00,1.082859e+00,1.807970e+01,3.726212e+01,1.864184e+02,6.089267e+00,8.870931e+03,1.452264e+03,5.697289e-04,1.578918e-02,2.080300e-07
5.0667,1.603632e+01,1.777350e-02,1.167259e+01,2.662892e+00,1.079803e+00,1.845299e+01,3.769764e+01,1.862836e+02,6.031455e+00,8.947657e+03,1.451967e+03,5.660777e-04,1.580913e-02,2.067153e-07
5.1000,1.616553e+01,1.796764e-02,1.165553e+01,2.680932e+00,1.079141e+00,1.883171e+01,3.813588e+01,1.867636e+02,5.994271e+00,9.026122e+03,1.451929e+03,5.633977e-04,1.585548e-02,2.052339e-07
5.1333,1.629507e+01,1.815914e-02,1.162836e+01,2.698945e+00,1.078472e+00,1.921328e+01,3.857139e+01,1.872931e+02,5.959168e+00,9.106963e+03,1.452237e+03,5.603031e-04,1.589201e-02,2.036682e-07
5.1667,1.642493e+01,1.834958e-02,1.159474e+01,2.716928e+00,1.078447e+00,1.960062e+01,3.900992e+01,1.880274e+02,5.930981e+00,9.190792e+03,1.452976e+03,5.577570e-04,1.594067e-02,2.020543e-07
5.2000,1.655494e+01,1.853311e-02,1.154679e+01,2.734873e+00,1.080396e+00,1.999884e+01,3.946179e+01,1.891001e+02,5.913761e+00,9.279742e+03,1.454480e+03,5.563048e-04,1.602046e-02,2.003184e-07
5.2333,1.668515e+01,1.872111e-02,1.149674e+01,2.752782e+00,1.080216e+00,2.040292e+01,3.991680e+01,1.899179e+02,5.888832e+00,9.372792e+03,1.456573e+03,5.530980e-04,1.605159e-02,1.985716e-07
5.2667,1.681555e+01,1.892075e-02,1.146459e+01,2.770672e+00,1.077619e+00,2.081073e+01,4.037063e+01,1.901486e+02,5.846170e+00,9.465195e+03,1.458505e+03,5.491111e-04,1.605056e-02,1.970069e-07
5.3000,1.694612e+01,1.912489e-02,1.144397e+01,2.788549e+00,1.074933e+00,2.122395e+01,4.082654e+01,1.902540e+02,5.800296e+00,9.555678e+03,1.460084e+03,5.454047e-04,1.605764e-02,1.955709e-07
5.3333,1.707707e+01,1.932006e-02,1.141371e+01,2.806403e+00,1.075301e+00,2.164777e+01,4.129402e+01,1.908150e+02,5.768814e+00,9.646942e+03,1.461718e+03,5.434264e-04,1.611929e-02,1.940665e-07
5.3667,1.720835e+01,1.951127e-02,1.136905e+01,2.824220e+00,1.076136e+00,2.207901e+01,4.176686e+01,1.917392e+02,5.748613e+00,9.742275e+03,1.463904e+03,5.412593e-04,1.617437e-02,1.924421e-07
5.4000,1.733979e+01,1.970524e-02,1.132317e+01,2.842005e+00,1.076372e+00,2.251648e+01,4.224292e+01,1.925400e+02,5.724986e+00,9.840601e+03,1.466476e+03,5.386937e-04,1.621764e-02,1.908181e-07
5.4333,1.747123e+01,1.989650e-02,1.127344e+01,2.859756e+00,1.077575e+00,2.296425e+01,4.273016e+01,1.933150e+02,5.700958e+00,9.941130e+03,1.469325e+03,5.369068e-04,1.627893e-02,1.891733e-07
5.4667,1.760266e+01,2.008146e-02,1.120896e+01,2.877462e+00,1.080768e+00,2.342698e+01,4.323693e+01,1.945640e+02,5.691164e+00,1.004644e+04,1.472824e+03,5.362003e-04,1.637064e-02,1.874076e-07
5.5000,1.773419e+01,2.026667e-02,1.113457e+01,2.895117e+00,1.083676e+00,2.390316e+01,4.375967e+01,1.959549e+02,5.685581e+00,1.015816e+04,1.477182e+03,5.350120e-04,1.644783e-02,1.855619e-07
5.5333,1.786588e+01,2.047016e-02,1.108092e+01,2.912740e+00,1.081418e+00,2.438214e+01,4.427844e+01,1.964799e+02,5.655078e+00,1.027098e+04,1.481605e+03,5.308564e-04,1.643408e-02,1.839151e-07
5.5667,1.799787e+01,2.069130e-02,1.106046e+01,2.930357e+00,1.076656e+00,2.486281e+01,4.479082e+01,1.963236e+02,5.605461e+00,1.037874e+04,1.485195e+03,5.261184e-04,1.640016e-02,1.825902e-07
5.6000,1.813012e+01,2.091631e-02,1.105471e+01,2.947971e+00,1.072366e+00,2.534473e+01,4.529621e+01,1.960730e+02,5.553823e+00,1.048114e+04,1.487931e+03,5.219367e-04,1.638299e-02,1.814235e-07
5.6333,1.826251e+01,2.114080e-02,1.105161e+01,2.965580e+00,1.068718e+00,2.582413e+01,4.578840e+01,1.959416e+02,5.506256e+00,1.057934e+04,1.490008e+03,5.181149e-04,1.637463e-02,1.803019e-07
5.6667,1.839493e+01,2.136905e-02,1.105547e+01,2.983185e+00,1.064057e+00,2.629506e+01,4.625751e+01,1.955987e+02,5.453483e+00,1.067280e+04,1.491373e+03,5.137584e-04,1.634517e-02,1.792595e-07
5.7000,1.852733e+01,2.159260e-02,1.105655e+01,3.000786e+00,1.061585e+00,2.676350e+01,4.671455e+01,1.955739e+02,5.410287e+00,1.076274e+04,1.492217e+03,5.108516e-04,1.636074e-02,1.782104e-07
5.7333,1.865993e+01,2.181570e-02,1.105175e+01,3.018371e+00,1.058588e+00,2.722646e+01,4.715412e+01,1.957203e+02,5.372350e+00,1.085213e+04,1.492944e+03,5.072132e-04,1.635570e-02,1.771213e-07
5.7667,1.879278e+01,2.203692e-02,1.104505e+01,3.035943e+00,1.056523e+00,2.768830e+01,4.758398e+01,1.959076e+02,5.336000e+00,1.094053e+04,1.493491e+03,5.043390e-04,1.637168e-02,1.760282e-07
5.8000,1.892571e+01,2.224665e-02,1.102149e+01,3.053489e+00,1.057210e+00,2.815650e+01,4.801757e+01,1.965682e+02,5.312940e+00,1.103114e+04,1.494314e+03,5.028344e-04,1.643173e-02,1.747981e-07
5.8333,1.905873e+01,2.245741e-02,1.099071e+01,3.071003e+00,1.056439e+00,2.862651e+01,4.844714e+01,1.971924e+02,5.289198e+00,1.112488e+04,1.495529e+03,5.001697e-04,1.645212e-02,1.735109e-07
5.8667,1.919196e+01,2.268867e-02,1.098510e+01,3.088510e+00,1.050645e+00,2.908934e+01,4.885715e+01,1.969137e+02,5.241677e+00,1.121575e+04,1.496313e+03,4.950810e-04,1.638871e-02,1.724535e-07
5.9000,1.932537e+01,2.293688e-02,1.101283e+01,3.106035e+00,1.042363e+00,2.954282e+01,4.924439e+01,1.958193e+02,5.173213e+00,1.129746e+04,1.495842e+03,4.892815e-04,1.630057e-02,1.717066e-07
5.9333,1.945886e+01,2.318436e-02,1.104957e+01,3.123578e+00,1.035870e+00,2.998927e+01,4.961337e+01,1.949304e+02,5.111076e+00,1.137101e+04,1.494279e+03,4.846928e-04,1.625422e-02,1.710606e-07
5.9667,1.959252e+01,2.343451e-02,1.108933e+01,3.141133e+00,1.028487e+00,3.041965e+01,4.994943e+01,1.940739e+02,5.050606e+00,1.143866e+04,1.491940e+03,4.794354e-04,1.618172e-02,1.704564e-07
6.0000,1.972646e+01,2.367110e-02,1.112042e+01,3.158695e+00,1.024965e+00,3.084381e+01,5.026933e+01,1.935681e+02,4.999986e+00,1.150155e+04,1.488989e+03,4.764884e-04,1.618762e-02,1.697927e-07
6.0333,1.986055e+01,2.389229e-02,1.112749e+01,3.176242e+00,1.023424e+00,3.126416e+01,5.057778e+01,1.937085e+02,4.966629e+00,1.156575e+04,1.486232e+03,4.741444e-04,1.621056e-02,1.689291e-07
6.0667,1.999478e+01,2.413996e-02,1.115729e+01,3.193793e+00,1.014243e+00,3.166213e+01,5.084497e+01,1.927441e+02,4.905563e+00,1.162597e+04,1.482987e+03,4.675084e-04,1.608192e-02,1.682637e-07
6.1000,2.012930e+01,2.438714e-02,1.120448e+01,3.211372e+00,1.008221e+00,3.205694e+01,5.110197e+01,1.916341e+02,4.841594e+00,1.167727e+04,1.478621e+03,4.635782e-04,1.605017e-02,1.677665e-07
6.1333,2.026407e+01,2.462093e-02,1.123363e+01,3.228948e+00,1.003977e+00,3.244717e+01,5.134704e+01,1.912779e+02,4.797373e+00,1.172779e+04,1.474195e+03,4.600456e-04,1.603051e-02,1.671273e-07
6.1667,2.039897e+01,2.485193e-02,1.125705e+01,3.246522e+00,9.998996e-01,3.283025e+01,5.157661e+01,1.909558e+02,4.754570e+00,1.177762e+04,1.469725e+03,4.565852e-04,1.600983e-02,1.664464e-07
6.2000,2.053396e+01,2.508483e-02,1.128042e+01,3.264094e+00,9.951145e-01,3.320646e+01,5.179143e+01,1.905831e+02,4.711071e+00,1.182669e+04,1.465205e+03,4.526291e-04,1.597396e-02,1.657723e-07
6.2333,2.066918e+01,2.532013e-02,1.130719e+01,3.281668e+00,9.899402e-01,3.357748e+01,5.199407e+01,1.900839e+02,4.664994e+00,1.187409e+04,1.460515e+03,4.486329e-04,1.593344e-02,1.651359e-07
6.2667,2.080465e+01,2.554374e-02,1.132412e+01,3.299238e+00,9.874186e-01,3.395138e+01,5.219728e+01,1.899600e+02,4.628632e+00,1.192173e+04,1.455894e+03,4.461716e-04,1.594533e-02,1.644265e-07
6.3000,2.094042e+01,2.577045e-02,1.133813e+01,3.316797e+00,9.828556e-01,3.431982e+01,5.238829e+01,1.896850e+02,4.589045e+00,1.197041e+04,1.451437e+03,4.422657e-04,1.590287e-02,1.636973e-07
6.3333,2.107657e+01,2.600410e-02,1.136250e+01,3.334361e+00,9.776286e-01,3.468465e+01,5.256980e+01,1.891009e+02,4.542475e+00,1.201656e+04,1.446703e+03,4.382811e-04,1.585994e-02,1.630644e-07
6.3667,2.121305e+01,2.623477e-02,1.138558e+01,3.351925e+00,9.732497e-01,3.504871e+01,5.274636e+01,1.887015e+02,4.500863e+00,1.206181e+04,1.441893e+03,4.348290e-04,1.583394e-02,1.624313e-07
6.4000,2.134977e+01,2.645516e-02,1.139833e+01,3.369481e+00,9.707068e-01,3.541497e+01,5.292284e+01,1.886085e+02,4.467017e+00,1.210817e+04,1.437258e+03,4.322413e-04,1.583899e-02,1.617204e-07
6.4333,2.148675e+01,2.667670e-02,1.140652e+01,3.387023e+00,9.671833e-01,3.577918e+01,5.309287e+01,1.885312e+02,4.433932e+00,1.215647e+04,1.432892e+03,4.289099e-04,1.581591e-02,1.609767e-07
6.4667,2.162408e+01,2.689058e-02,1.140972e+01,3.404554e+00,9.654509e-01,3.614928e+01,5.326816e+01,1.885203e+02,4.402773e+00,1.220601e+04,1.428703e+03,4.266920e-04,1.583377e-02,1.601992e-07
6.5000,2.176171e+01,2.710894e-02,1.141072e+01,3.422067e+00,9.619499e-01,3.651934e+01,5.343999e+01,1.884987e+02,4.371715e+00,1.225799e+04,1.424829e+03,4.232975e-04,1.580550e-02,1.594085e-07
6.5333,2.189959e+01,2.733254e-02,1.142035e+01,3.439577e+00,9.580520e-01,3.689079e+01,5.361048e+01,1.881154e+02,4.332675e+00,1.230885e+04,1.420853e+03,4.199902e-04,1.577957e-02,1.586978e-07
6.5667,2.203762e+01,2.755605e-02,1.143119e+01,3.457081e+00,9.541368e-01,3.726333e+01,5.377955e+01,1.877484e+02,4.294492e+00,1.235885e+04,1.416816e+03,4.166482e-04,1.575179e-02,1.580066e-07
6.6000,2.217578e+01,2.777673e-02,1.143989e+01,3.474578e+00,9.510612e-01,3.763789e+01,5.394851e+01,1.875479e+02,4.260557e+00,1.240881e+04,1.412812e+03,4.137804e-04,1.574193e-02,1.573068e-07
6.6333,2.231408e+01,2.799225e-02,1.144224e+01,3.492061e+00,9.487207e-01,3.801500e+01,5.411815e+01,1.875460e+02,4.231515e+00,1.246044e+04,1.409033e+03,4.113319e-04,1.574198e-02,1.565621e-07
6.6667,2.245249e+01,2.821313e-02,1.144608e+01,3.509533e+00,9.450950e-01,3.839068e+01,5.428280e+01,1.873981e+02,4.199540e+00,1.251304e+04,1.405399e+03,4.081516e-04,1.571238e-02,1.558355e-07
6.7000,2.259104e+01,2.842408e-02,1.144308e+01,3.526990e+00,9.440810e-01,3.877516e+01,5.445690e+01,1.875708e+02,4.175077e+00,1.256732e+04,1.401980e+03,4.064913e-04,1.574266e-02,1.550617e-07
6.7333,2.272973e+01,2.862611e-02,1.142480e+01,3.544416e+00,9.437816e-01,3.916786e+01,5.463955e+01,1.881559e+02,4.160016e+00,1.262739e+04,1.399236e+03,4.048266e-04,1.577198e-02,1.541679e-07
6.7667,2.286850e+01,2.883396e-02,1.140722e+01,3.561818e+00,9.421795e-01,3.956580e+01,5.482643e+01,1.884858e+02,4.139507e+00,1.269117e+04,1.396920e+03,4.025310e-04,1.577311e-02,1.532833e-07
6.8000,2.300735e+01,2.904553e-02,1.139386e+01,3.579202e+00,9.402584e-01,3.997141e+01,5.502085e+01,1.886108e+02,4.114760e+00,1.275644e+04,1.394785e+03,4.000769e-04,1.577330e-02,1.524399e-07
6.8333,2.314619e+01,2.926810e-02,1.139057e+01,3.596576e+00,9.362210e-01,4.037803e+01,5.521368e+01,1.883175e+02,4.081242e+00,1.282086e+04,1.392575e+03,3.967654e-04,1.572979e-02,1.516858e-07
6.8667,2.328508e+01,2.950439e-02,1.140489e+01,3.613957e+00,9.304524e-01,4.078085e+01,5.539826e+01,1.874647e+02,4.036075e+00,1.287992e+04,1.389802e+03,3.928137e-04,1.566113e-02,1.510846e-07
6.9000,2.342410e+01,2.973646e-02,1.142147e+01,3.631343e+00,9.264685e-01,4.118400e+01,5.558022e+01,1.868779e+02,3.997142e+00,1.293474e+04,1.386594e+03,3.900269e-04,1.563672e-02,1.505145e-07
6.9333,2.356324e+01,2.996482e-02,1.143317e+01,3.648724e+00,9.226760e-01,4.158256e+01,5.575301e+01,1.865127e+02,3.963378e+00,1.298846e+04,1.383295e+03,3.871312e-04,1.560640e-02,1.499134e-07
6.9667,2.370254e+01,3.019728e-02,1.144817e+01,3.666104e+00,9.181685e-01,4.197399e+01,5.591338e+01,1.859604e+02,3.926051e+00,1.303963e+04,1.379751e+03,3.838847e-04,1.556176e-02,1.493462e-07
7.0000,2.384196e+01,3.042759e-02,1.146360e+01,3.683485e+00,9.142726e-01,4.236219e+01,5.606680e+01,1.854433e+02,3.889901e+00,1.308825e+04,1.375969e+03,3.810858e-04,1.553278e-02,1.487906e-07
7.0333,2.398148e+01,3.065753e-02,1.147731e+01,3.700862e+00,9.102741e-01,4.274646e+01,5.621251e+01,1.850323e+02,3.856385e+00,1.313568e+04,1.372098e+03,3.781008e-04,1.549785e-02,1.482284e-07
7.0667,2.412122e+01,3.089177e-02,1.149468e+01,3.718239e+00,9.055688e-01,4.312523e+01,5.634833e+01,1.844373e+02,3.819428e+00,1.318085e+04,1.368022e+03,3.748464e-04,1.544908e-02,1.477021e-07
7.1000,2.426115e+01,3.111566e-02,1.150717e+01,3.735614e+00,9.028682e-01,4.350590e+01,5.648422e+01,1.841028e+02,3.788258e+00,1.322478e+04,1.363853e+03,3.727038e-04,1.544553e-02,1.471451e-07
7.1333,2.440112e+01,3.132624e-02,1.150527e+01,3.752971e+00,9.018061e-01,4.389097e+01,5.662377e+01,1.843282e+02,3.768907e+00,1.327202e+04,1.360068e+03,3.711656e-04,1.546606e-02,1.464786e-07
7.1667,2.454123e+01,3.152579e-02,1.148856e+01,3.770299e+00,9.023064e-01,4.428532e+01,5.677289e+01,1.850126e+02,3.759089e+00,1.332554e+04,1.356957e+03,3.702419e-04,1.551317e-02,1.456976e-07
7.2000,2.468148e+01,3.173173e-02,1.146993e+01,3.787600e+00,9.008610e-01,4.468411e+01,5.692519e+01,1.854111e+02,3.743580e+00,1.338436e+04,1.354406e+03,3.680599e-04,1.551002e-02,1.449025e-07
7.2333,2.482187e+01,3.195058e-02,1.146286e+01,3.804889e+00,8.978036e-01,4.508745e+01,5.708070e+01,1.852391e+02,3.716775e+00,1.344304e+04,1.351858e+03,3.654098e-04,1.548277e-02,1.442038e-07
7.2667,2.496242e+01,3.217694e-02,1.146358e+01,3.822174e+00,8.942397e-01,4.549491e+01,5.723868e+01,1.849747e+02,3.688409e+00,1.350069e+04,1.349220e+03,3.627447e-04,1.545135e-02,1.435747e-07
7.3000,2.510321e+01,3.243097e-02,1.148590e+01,3.839470e+00,8.862555e-01,4.588938e+01,5.737739e+01,1.838058e+02,3.642401e+00,1.355264e+04,1.346023e+03,3.579456e-04,1.532610e-02,1.431232e-07
7.3333,2.524423e+01,3.267482e-02,1.151413e+01,3.856787e+00,8.818913e-01,4.628467e+01,5.751456e+01,1.827897e+02,3.599916e+00,1.359650e+04,1.342047e+03,3.554094e-04,1.530120e-02,1.427321e-07
7.3667,2.538552e+01,3.289785e-02,1.152189e+01,3.874092e+00,8.798374e-01,4.667921e+01,5.764834e+01,1.828235e+02,3.578453e+00,1.364242e+04,1.338304e+03,3.535535e-04,1.530446e-02,1.421879e-07
7.4000,2.552706e+01,3.312186e-02,1.152433e+01,3.891383e+00,8.771238e-01,4.706840e+01,5.777305e+01,1.828058e+02,3.556198e+00,1.369056e+04,1.334803e+03,3.512549e-04,1.528636e-02,1.416050e-07
7.4333,2.566874e+01,3.334082e-02,1.152352e+01,3.908662e+00,8.752205e-01,4.746036e+01,5.789902e+01,1.827806e+02,3.534030e+00,1.373982e+04,1.331439e+03,3.494302e-04,1.528838e-02,1.410011e-07
7.4667,2.581061e+01,3.356282e-02,1.152165e+01,3.925927e+00,8.723922e-01,4.785363e+01,5.802438e+01,1.827036e+02,3.511095e+00,1.379064e+04,1.328250e+03,3.470566e-04,1.526484e-02,1.403929e-07
7.5000,2.595259e+01,3.379458e-02,1.152765e+01,3.943190e+00,8.683496e-01,4.824614e+01,5.814670e+01,1.822261e+02,3.480752e+00,1.383978e+04,1.324926e+03,3.441608e-04,1.522001e-02,1.398513e-07
7.5333,2.609466e+01,3.402099e-02,1.153275e+01,3.960449e+00,8.656490e-01,4.864322e+01,5.827254e+01,1.819388e+02,3.454355e+00,1.388774e+04,1.321518e+03,3.421591e-04,1.520927e-02,1.393102e-07
7.5667,2.623683e+01,3.423910e-02,1.152998e+01,3.977694e+00,8.638665e-01,4.904428e+01,5.840109e+01,1.820008e+02,3.434835e+00,1.393778e+04,1.318336e+03,3.403405e-04,1.521110e-02,1.387135e-07
7.6000,2.637916e+01,3.445394e-02,1.152255e+01,3.994922e+00,8.623597e-01,4.944913e+01,5.853205e+01,1.821475e+02,3.417105e+00,1.399040e+04,1.315422e+03,3.387087e-04,1.521538e-02,1.380846e-07
7.6333,2.652158e+01,3.466718e-02,1.151223e+01,4.012131e+00,8.609841e-01,4.985944e+01,5.866739e+01,1.823215e+02,3.400066e+00,1.404560e+04,1.312773e+03,3.371168e-04,1.522084e-02,1.374373e-07
7.6667,2.666410e+01,3.487956e-02,1.149963e+01,4.029323e+00,8.596946e-01,5.027650e+01,5.880858e+01,1.825098e+02,3.383467e+00,1.410330e+04,1.310377e+03,3.353833e-04,1.522682e-02,1.367767e-07
7.7000,2.680673e+01,3.509150e-02,1.148539e+01,4.046495e+00,8.584799e-01,5.070099e+01,5.895626e+01,1.827091e+02,3.367237e+00,1.416341e+04,1.308222e+03,3.338410e-04,1.523360e-02,1.361079e-07
7.7333,2.694940e+01,3.530317e-02,1.146991e+01,4.063648e+00,8.573426e-01,5.113296e+01,5.911051e+01,1.829204e+02,3.351397e+00,1.422581e+04,1.306293e+03,3.323272e-04,1.524128e-02,1.354341e-07
7.7667,2.709216e+01,3.551468e-02,1.145347e+01,4.080783e+00,8.562816e-01,5.157246e+01,5.927117e+01,1.831442e+02,3.335945e+00,1.429041e+04,1.304579e+03,3.308661e-04,1.525009e-02,1.347576e-07
7.8000,2.723500e+01,3.572616e-02,1.143579e+01,4.097897e+00,8.552889e-01,5.201937e+01,5.943800e+01,1.833787e+02,3.320841e+00,1.435714e+04,1.303068e+03,3.294352e-04,1.525935e-02,1.340764e-07
7.8333,2.737775e+01,3.593775e-02,1.141693e+01,4.114991e+00,8.543583e-01,5.247351e+01,5.961100e+01,1.836220e+02,3.306063e+00,1.442590e+04,1.301755e+03,3.280039e-04,1.526904e-02,1.333911e-07
7.8667,2.752065e+01,3.614953e-02,1.139687e+01,4.132064e+00,8.534743e-01,5.293511e+01,5.978993e+01,1.838739e+02,3.291579e+00,1.449660e+04,1.300620e+03,3.264564e-04,1.527912e-02,1.327015e-07
7.9000,2.766389e+01,3.636160e-02,1.137593e+01,4.149114e+00,8.526321e-01,5.340432e+01,5.997451e+01,1.841329e+02,3.277342e+00,1.456923e+04,1.299652e+03,3.247294e-04,1.528979e-02,1.320102e-07
7.9333,2.780726e+01,3.657393e-02,1.135428e+01,4.166143e+00,8.518490e-01,5.388096e+01,6.016480e+01,1.844020e+02,3.263419e+00,1.464374e+04,1.298850e+03,3.233789e-04,1.530121e-02,1.313183e-07
7.9667,2.795066e+01,3.678656e-02,1.133190e+01,4.183149e+00,8.511253e-01,5.436491e+01,6.036072e+01,1.846812e+02,3.249813e+00,1.472003e+04,1.298209e+03,3.220932e-04,1.531329e-02,1.306258e-07
8.0000,2.809419e+01,3.699948e-02,1.130899e+01,4.200133e+00,8.504621e-01,5.485623e+01,6.056210e+01,1.849714e+02,3.236530e+00,1.479808e+04,1.297718e+03,3.208355e-04,1.532640e-02,1.299340e-07
8.0333,2.823790e+01,3.721269e-02,1.128552e+01,4.217095e+00,8.498588e-01,5.535494e+01,6.076877e+01,1.852728e+02,3.223560e+00,1.487786e+04,1.297372e+03,3.195617e-04,1.534037e-02,1.292428e-07
8.0667,2.838179e+01,3.742623e-02,1.126132e+01,4.234033e+00,8.493101e-01,5.586098e+01,6.098060e+01,1.855836e+02,3.210870e+00,1.495933e+04,1.297165e+03,3.182205e-04,1.535494e-02,1.285509e-07
8.1000,2.852580e+01,3.764015e-02,1.123652e+01,4.250949e+00,8.488165e-01,5.637432e+01,6.119753e+01,1.859040e+02,3.198462e+00,1.504247e+04,1.297094e+03,3.166550e-04,1.537020e-02,1.278594e-07
8.1333,2.866994e+01,3.785445e-02,1.121092e+01,4.267840e+00,8.483730e-01,5.689501e+01,6.141953e+01,1.862333e+02,3.186322e+00,1.512722e+04,1.297154e+03,3.148150e-04,1.538586e-02,1.271666e-07
8.1667,2.881428e+01,3.806921e-02,1.118465e+01,4.284707e+00,8.479722e-01,5.742315e+01,6.164651e+01,1.865703e+02,3.174418e+00,1.521359e+04,1.297338e+03,3.136911e-04,1.540205e-02,1.264736e-07
8.2000,2.895879e+01,3.828439e-02,1.115809e+01,4.301550e+00,8.476275e-01,5.795876e+01,6.187844e+01,1.869177e+02,3.162793e+00,1.530154e+04,1.297643e+03,3.126057e-04,1.541934e-02,1.257830e-07
8.2333,2.910361e+01,3.849992e-02,1.113144e+01,4.318369e+00,8.473477e-01,5.850189e+01,6.211510e+01,1.872779e+02,3.151475e+00,1.539107e+04,1.298064e+03,3.115592e-04,1.543800e-02,1.250964e-07
8.2667,2.924873e+01,3.871577e-02,1.110447e+01,4.335165e+00,8.471329e-01,5.905246e+01,6.235627e+01,1.876505e+02,3.140450e+00,1.548219e+04,1.298598e+03,3.105577e-04,1.545764e-02,1.244118e-07
8.3000,2.939412e+01,3.893198e-02,1.107689e+01,4.351937e+00,8.469746e-01,5.961035e+01,6.260187e+01,1.880325e+02,3.129670e+00,1.557490e+04,1.299245e+03,3.095930e-04,1.547788e-02,1.237274e-07
8.3333,2.953976e+01,3.914858e-02,1.104902e+01,4.368684e+00,8.468758e-01,6.017562e+01,6.285187e+01,1.884250e+02,3.119149e+00,1.566918e+04,1.300002e+03,3.085713e-04,1.549932e-02,1.230452e-07
8.3667,2.968564e+01,3.936554e-02,1.102075e+01,4.385407e+00,8.468382e-01,6.074835e+01,6.310631e+01,1.888288e+02,3.108899e+00,1.576504e+04,1.300868e+03,3.076455e-04,1.552156e-02,1.223645e-07
8.4000,2.983169e+01,3.958288e-02,1.099214e+01,4.402106e+00,8.468603e-01,6.132850e+01,6.336519e+01,1.892431e+02,3.098906e+00,1.586244e+04,1.301842e+03,3.067343e-04,1.554476e-02,1.216856e-07
8.4333,2.997786e+01,3.980059e-02,1.096313e+01,4.418781e+00,8.469448e-01,6.191612e+01,6.362858e+01,1.896686e+02,3.089184e+00,1.596138e+04,1.302923e+03,3.058590e-04,1.556883e-02,1.210082e-07
8.4667,3.012424e+01,4.001870e-02,1.093365e+01,4.435431e+00,8.470823e-01,6.251134e+01,6.389637e+01,1.901039e+02,3.079699e+00,1.606185e+04,1.304106e+03,3.050048e-04,1.559364e-02,1.203315e-07
8.5000,3.027080e+01,4.023726e-02,1.090365e+01,4.452055e+00,8.472697e-01,6.311419e+01,6.416857e+01,1.905481e+02,3.070436e+00,1.616384e+04,1.305389e+03,3.040326e-04,1.561897e-02,1.196554e-07
8.5333,3.041746e+01,4.045628e-02,1.087323e+01,4.468655e+00,8.475115e-01,6.372465e+01,6.444525e+01,1.910016e+02,3.061403e+00,1.626734e+04,1.306773e+03,3.032446e-04,1.564509e-02,1.189804e-07
8.5667,3.056424e+01,4.067573e-02,1.084251e+01,4.485229e+00,8.478089e-01,6.434281e+01,6.472635e+01,1.914655e+02,3.052612e+00,1.637233e+04,1.308253e+03,3.024879e-04,1.567207e-02,1.183075e-07
8.6000,3.071115e+01,4.089562e-02,1.081151e+01,4.501778e+00,8.481633e-01,6.496868e+01,6.501183e+01,1.919402e+02,3.044067e+00,1.647882e+04,1.309828e+03,3.017789e-04,1.569997e-02,1.176366e-07
8.6333,3.085815e+01,4.111591e-02,1.078033e+01,4.518301e+00,8.485807e-01,6.560220e+01,6.530161e+01,1.924261e+02,3.035774e+00,1.658679e+04,1.311498e+03,3.010293e-04,1.572895e-02,1.169685e-07
8.6667,3.100526e+01,4.133662e-02,1.074871e+01,4.534800e+00,8.490553e-01,6.624337e+01,6.559559e+01,1.929224e+02,3.027715e+00,1.669624e+04,1.313260e+03,3.001220e-04,1.575839e-02,1.163013e-07
8.7000,3.115249e+01,4.155781e-02,1.071654e+01,4.551272e+00,8.495771e-01,6.689221e+01,6.589373e+01,1.934270e+02,3.019852e+00,1.680717e+04,1.315113e+03,2.994034e-04,1.578846e-02,1.156342e-07
8.7333,3.129976e+01,4.177950e-02,1.068389e+01,4.567718e+00,8.501468e-01,6.754875e+01,6.619608e+01,1.939397e+02,3.012185e+00,1.691957e+04,1.317056e+03,2.987111e-04,1.581918e-02,1.149677e-07
8.7667,3.144710e+01,4.200172e-02,1.065072e+01,4.584137e+00,8.507606e-01,6.821308e+01,6.650266e+01,1.944605e+02,3.004710e+00,1.703343e+04,1.319087e+03,2.980372e-04,1.585033e-02,1.143015e-07
8.8000,3.159445e+01,4.222450e-02,1.061703e+01,4.600528e+00,8.514190e-01,6.888525e+01,6.681351e+01,1.949887e+02,2.997419e+00,1.714874e+04,1.321205e+03,2.973850e-04,1.588189e-02,1.136356e-07
8.8333,3.174184e+01,4.244784e-02,1.058290e+01,4.616891e+00,8.521211e-01,6.956528e+01,6.712858e+01,1.955248e+02,2.990314e+00,1.726548e+04,1.323407e+03,2.967522e-04,1.591400e-02,1.129706e-07
8.8667,3.188932e+01,4.267172e-02,1.054855e+01,4.633227e+00,8.528716e-01,7.025322e+01,6.744774e+01,1.960699e+02,2.983405e+00,1.738365e+04,1.325691e+03,2.960985e-04,1.594697e-02,1.123080e-07
8.9000,3.203681e+01,4.289609e-02,1.051417e+01,4.649535e+00,8.536846e-01,7.094891e+01,6.777094e+01,1.966263e+02,2.976730e+00,1.750326e+04,1.328057e+03,2.955352e-04,1.598108e-02,1.116490e-07
8.9333,3.218421e+01,4.312090e-02,1.047964e+01,4.665816e+00,8.545646e-01,7.165223e+01,6.809811e+01,1.971948e+02,2.970303e+00,1.762430e+04,1.330507e+03,2.950019e-04,1.601621e-02,1.109928e-07
8.9667,3.233157e+01,4.334620e-02,1.044452e+01,4.682069e+00,8.554949e-01,7.236313e+01,6.842915e+01,1.977721e+02,2.964072e+00,1.774677e+04,1.333040e+03,2.944772e-04,1.605163e-02,1.103363e-07
9.0000,3.247894e+01,4.357207e-02,1.040883e+01,4.698293e+00,8.564644e-01,7.308175e+01,6.876399e+01,1.983556e+02,2.957990e+00,1.787066e+04,1.335650e+03,2.938368e-04,1.608741e-02,1.096795e-07
9.0333,3.262636e+01,4.379854e-02,1.037259e+01,4.714488e+00,8.574706e-01,7.380822e+01,6.910265e+01,1.989455e+02,2.952053e+00,1.799598e+04,1.338337e+03,2.933956e-04,1.612346e-02,1.090228e-07
9.0667,3.277382e+01,4.402563e-02,1.033587e+01,4.730652e+00,8.585150e-01,7.454259e+01,6.944515e+01,1.995417e+02,2.946260e+00,1.812272e+04,1.341099e+03,2.929727e-04,1.615987e-02,1.083666e-07
9.1000,3.292145e+01,4.425331e-02,1.029904e+01,4.746787e+00,8.596061e-01,7.528502e+01,6.979136e+01,2.001465e+02,2.940636e+00,1.825092e+04,1.343934e+03,2.925272e-04,1.619729e-02,1.077133e-07
9.1333,3.306933e+01,4.448149e-02,1.026225e+01,4.762893e+00,8.607568e-01,7.603542e+01,7.014104e+01,2.007624e+02,2.935206e+00,1.838058e+04,1.346839e+03,2.916756e-04,1.623595e-02,1.070639e-07
9.1667,3.321727e+01,4.471014e-02,1.022525e+01,4.778969e+00,8.619716e-01,7.679351e+01,7.049415e+01,2.013888e+02,2.929975e+00,1.851174e+04,1.349820e+03,2.900303e-04,1.627541e-02,1.064169e-07
9.2000,3.336519e+01,4.493929e-02,1.018786e+01,4.795015e+00,8.632412e-01,7.755921e+01,7.085071e+01,2.020244e+02,2.924924e+00,1.864438e+04,1.352879e+03,2.896377e-04,1.631547e-02,1.057707e-07
9.2333,3.351312e+01,4.516897e-02,1.015007e+01,4.811030e+00,8.645605e-01,7.833266e+01,7.121076e+01,2.026679e+02,2.920033e+00,1.877851e+04,1.356013e+03,2.892690e-04,1.635607e-02,1.051254e-07
9.2667,3.366092e+01,4.539921e-02,1.011169e+01,4.827015e+00,8.659244e-01,7.911389e+01,7.157451e+01,2.033183e+02,2.915292e+00,1.891410e+04,1.359225e+03,2.889281e-04,1.639679e-02,1.044796e-07
9.3000,3.380869e+01,4.563007e-02,1.007293e+01,4.842968e+00,8.673295e-01,7.990317e+01,7.194198e+01,2.039754e+02,2.910692e+00,1.905115e+04,1.362510e+03,2.885989e-04,1.643812e-02,1.038348e-07
9.3333,3.395658e+01,4.586151e-02,1.003389e+01,4.858890e+00,8.687783e-01,8.070064e+01,7.231304e+01,2.046405e+02,2.906239e+00,1.918969e+04,1.365864e+03,2.882827e-04,1.648004e-02,1.031917e-07
9.3667,3.410453e+01,4.609355e-02,9.994431e+00,4.874779e+00,8.702730e-01,8.150624e+01,7.268762e+01,2.053125e+02,2.901917e+00,1.932972e+04,1.369289e+03,2.879824e-04,1.652216e-02,1.025492e-07
9.4000,3.425250e+01,4.632619e-02,9.954696e+00,4.890636e+00,8.718155e-01,8.231988e+01,7.306572e+01,2.059919e+02,2.897737e+00,1.947125e+04,1.372786e+03,2.877142e-04,1.656438e-02,1.019084e-07
9.4333,3.440044e+01,4.655941e-02,9.914657e+00,4.906461e+00,8.734090e-01,8.314158e+01,7.344735e+01,2.066797e+02,2.893715e+00,1.961428e+04,1.376354e+03,2.874075e-04,1.660775e-02,1.012690e-07
9.4667,3.454856e+01,4.679323e-02,9.874196e+00,4.922252e+00,8.750430e-01,8.397152e+01,7.383230e+01,2.073742e+02,2.889809e+00,1.975883e+04,1.379989e+03,2.871625e-04,1.665185e-02,1.006303e-07
9.5000,3.469678e+01,4.702765e-02,9.833501e+00,4.938009e+00,8.767257e-01,8.480960e+01,7.422057e+01,2.080758e+02,2.886030e+00,1.990491e+04,1.383693e+03,2.868933e-04,1.669659e-02,9.999346e-08
9.5333,3.484498e+01,4.726265e-02,9.792459e+00,4.953733e+00,8.784604e-01,8.565579e+01,7.461227e+01,2.087854e+02,2.882396e+00,2.005253e+04,1.387467e+03,2.866270e-04,1.674142e-02,9.935772e-08
9.5667,3.499328e+01,4.749825e-02,9.751092e+00,4.969423e+00,8.802414e-01,8.651023e+01,7.500731e+01,2.095021e+02,2.878886e+00,2.020170e+04,1.391310e+03,2.863897e-04,1.678730e-02,9.872322e-08
9.6000,3.514165e+01,4.773444e-02,9.709481e+00,4.985078e+00,8.820717e-01,8.737294e+01,7.540568e+01,2.102265e+02,2.875508e+00,2.035242e+04,1.395222e+03,2.861676e-04,1.683385e-02,9.809047e-08
9.6333,3.529011e+01,4.797120e-02,9.667656e+00,5.000699e+00,8.839571e-01,8.824395e+01,7.580736e+01,2.109592e+02,2.872268e+00,2.050472e+04,1.399201e+03,2.856125e-04,1.688118e-02,9.745964e-08
9.6667,3.543863e+01,4.820853e-02,9.625631e+00,5.016286e+00,8.858976e-01,8.912326e+01,7.621232e+01,2.117005e+02,2.869168e+00,2.065860e+04,1.403250e+03,2.849826e-04,1.692929e-02,9.683078e-08
9.7000,3.558722e+01,4.844640e-02,9.583421e+00,5.031838e+00,8.878955e-01,9.001085e+01,7.662053e+01,2.124505e+02,2.866211e+00,2.081408e+04,1.407367e+03,2.848292e-04,1.697824e-02,9.620397e-08
9.7333,3.573585e+01,4.868480e-02,9.541040e+00,5.047355e+00,8.899530e-01,9.090676e+01,7.703200e+01,2.132096e+02,2.863398e+00,2.097117e+04,1.411554e+03,2.847222e-04,1.702803e-02,9.557926e-08
9.7667,3.588450e+01,4.892373e-02,9.498497e+00,5.062838e+00,8.920712e-01,9.181100e+01,7.744673e+01,2.139780e+02,2.860734e+00,2.112987e+04,1.415811e+03,2.846794e-04,1.707864e-02,9.495666e-08
9.8000,3.603317e+01,4.916318e-02,9.455809e+00,5.078287e+00,8.942521e-01,9.272360e+01,7.786473e+01,2.147558e+02,2.858219e+00,2.129021e+04,1.420137e+03,2.847193e-04,1.713008e-02,9.433626e-08
9.8333,3.618183e+01,4.940314e-02,9.412986e+00,5.093701e+00,8.964972e-01,9.364457e+01,7.828602e+01,2.155434e+02,2.855856e+00,2.145218e+04,1.424535e+03,2.848601e-04,1.718236e-02,9.371806e-08
9.8667,3.633046e+01,4.964359e-02,9.370037e+00,5.109080e+00,8.988075e-01,9.457396e+01,7.871062e+01,2.163410e+02,2.853649e+00,2.161581e+04,1.429003e+03,2.848782e-04,1.723590e-02,9.310208e-08
9.9000,3.647902e+01,4.988455e-02,9.326980e+00,5.124426e+00,9.011846e-01,9.551175e+01,7.913853e+01,2.171485e+02,2.851596e+00,2.178109e+04,1.433543e+03,2.848703e-04,1.729057e-02,9.248842e-08
9.9333,3.662750e+01,5.012599e-02,9.283822e+00,5.139738e+00,9.036303e-01,9.645796e+01,7.956978e+01,2.179663e+02,2.849702e+00,2.194802e+04,1.438154e+03,2.848921e-04,1.734629e-02,9.187708e-08
9.9667,3.677585e+01,5.036790e-02,9.240579e+00,5.155016e+00,9.061477e-01,9.741261e+01,8.000441e+01,2.187947e+02,2.847971e+00,2.211663e+04,1.442838e+03,2.849454e-04,1.740315e-02,9.126811e-08
10.0000,3.692405e+01,5.061029e-02,9.197249e+00,5.170260e+00,9.087356e-01,9.837569e+01,8.044243e+01,2.196340e+02,2.846407e+00,2.228690e+04,1.447595e+03,2.850290e-04,1.746108e-02,9.066146e-08
