Time,O3,NO,NO2,NO3,N2O4,N2O5,HONO,HONO2,R2,Plasma_Type,Humidity_Weight,Saturated_Excluded
0.0,0.0,0.0,0.0,0.0,0.0,0.0,0.0,0.0,,mixed,0.0,0
1.0,1760126645870669.0,0.0,0.0,0.0,0.0,367996522906452.8,0.0,0.0,0.9970764080020349,O3_dominant,0.0,0
2.0,6469415864246855.0,0.0,335675967733954.8,0.0,0.0,1062979172923984.4,0.0,0.0,0.9979842824562438,O3_dominant,0.0,0
3.0,9813225890017656.0,0.0,321049627922991.75,0.0,0.0,1628994949919154.2,0.0,0.0,0.998009362109141,O3_dominant,0.0,0
4.0,1.2164520360505482e+16,0.0,270900563802788.62,0.0,0.0,2034104022270421.8,0.0,0.0,0.9980325164928597,O3_dominant,0.0,0
5.0,1.370556661214123e+16,0.0,281244456498010.88,0.0,0.0,2226991726972628.2,0.0,0.0,0.9980794533638456,O3_dominant,0.0,0
6.0,1.481489411960811e+16,0.0,0.0,0.0,0.0,2374043604372916.5,0.0,0.0,0.9980660557801305,O3_dominant,0.0,0
7.0,1.6146029834967602e+16,0.0,0.0,0.0,0.0,2587486182925444.0,0.0,0.0,0.9981015397907257,O3_dominant,0.0,0
8.0,1.7921339578051694e+16,0.0,0.0,0.0,0.0,2832888090608249.0,0.0,0.0,0.998114321823628,O3_dominant,0.0,0
9.0,1.9712802592958944e+16,0.0,0.0,0.0,0.0,3132761314457832.0,0.0,0.0,0.9981667419583357,O3_dominant,0.0,0
10.0,2.1400183979960724e+16,0.0,0.0,0.0,0.0,3308089257615706.5,0.0,0.0,0.9981892828814758,O3_dominant,0.0,0
11.0,2.2938669276484056e+16,0.0,0.0,0.0,0.0,3566607384753434.5,0.0,0.0,0.9981476248062487,O3_dominant,0.0,0
12.0,2.432334676562296e+16,0.0,0.0,0.0,0.0,3697579697288245.5,0.0,0.0,0.9981395735538644,O3_dominant,0.0,0
13.0,2.559486730723578e+16,0.0,0.0,0.0,0.0,3860195946009230.5,0.0,0.0,0.9981514911471808,O3_dominant,0.0,0
14.0,2.6759702065371576e+16,0.0,0.0,0.0,0.0,4140010746744947.5,0.0,0.0,0.9981668448244377,O3_dominant,0.0,0
15.0,2.785068678475701e+16,0.0,0.0,0.0,0.0,4347852616912630.0,0.0,0.0,0.9981886783123056,O3_dominant,0.0,0
16.0,2.888176906775609e+16,0.0,0.0,0.0,0.0,4437358181106343.0,0.0,0.0,0.9981716657607694,O3_dominant,0.0,0
17.0,2.983733767112564e+16,0.0,0.0,0.0,0.0,4650908864950695.0,0.0,0.0,0.9981315374435659,O3_dominant,0.0,0
18.0,3.081176162281332e+16,0.0,0.0,0.0,0.0,4807451366887544.0,0.0,0.0,0.9981264151326398,O3_dominant,0.0,0
19.0,3.1739176950321652e+16,0.0,0.0,0.0,0.0,4976353898712168.0,0.0,0.0,0.9981024112860643,O3_dominant,0.0,0
20.0,3.2674703793734976e+16,0.0,0.0,0.0,0.0,5114475086461331.0,0.0,0.0,0.9981024443239772,O3_dominant,0.0,0
21.0,3.3586279346294252e+16,0.0,0.0,0.0,0.0,5354974178181081.0,0.0,0.0,0.9980637354801853,O3_dominant,0.0,0
22.0,3.4412006110135092e+16,0.0,0.0,0.0,0.0,5450100789125942.0,0.0,0.0,0.9980746486959919,O3_dominant,0.0,0
23.0,3.520331203491396e+16,0.0,0.0,0.0,0.0,5580131558881994.0,0.0,0.0,0.9980559158709553,O3_dominant,0.0,0
24.0,3.600369455290264e+16,0.0,0.0,0.0,0.0,5760662045775596.0,0.0,0.0,0.9980512317112572,O3_dominant,0.0,0
25.0,3.673311466871173e+16,0.0,0.0,0.0,0.0,5918055992077804.0,0.0,0.0,0.9980160392349087,O3_dominant,0.0,0
26.0,3.737967249592254e+16,0.0,0.0,0.0,0.0,6077263305227587.0,0.0,0.0,0.9980065920166746,O3_dominant,0.0,0
27.0,3.798144935058301e+16,0.0,0.0,0.0,0.0,6136986662241707.0,0.0,0.0,0.9979911568662325,O3_dominant,0.0,0
28.0,3.852732545956646e+16,0.0,0.0,0.0,0.0,6230461556310523.0,0.0,0.0,0.997963854573622,O3_dominant,0.0,0
29.0,3.907757833626242e+16,0.0,0.0,0.0,0.0,6379819961335822.0,0.0,0.0,0.9979350588109435,O3_dominant,0.0,0
30.0,3.973744447150883e+16,0.0,0.0,0.0,0.0,6536547748553412.0,0.0,0.0,0.9979000163293978,O3_dominant,0.0,0
31.0,4.0458246452200536e+16,0.0,0.0,0.0,0.0,6681697091902048.0,0.0,0.0,0.9978692017550802,O3_dominant,0.0,0
32.0,4.110360899083789e+16,0.0,0.0,0.0,0.0,6819749380067755.0,0.0,0.0,0.9978187589490889,O3_dominant,0.0,0
33.0,4.180897575230235e+16,0.0,0.0,0.0,0.0,6978936614443930.0,0.0,0.0,0.9978223731040415,O3_dominant,0.0,0
34.0,4.238092381154418e+16,0.0,0.0,0.0,0.0,7217455956651550.0,0.0,0.0,0.997736191948121,O3_dominant,0.0,0
35.0,4.295593642354445e+16,0.0,0.0,0.0,0.0,7298787733761688.0,0.0,0.0,0.9977379483771651,O3_dominant,0.0,0
36.0,4.358154139419483e+16,0.0,0.0,0.0,0.0,7444202301318174.0,0.0,0.0,0.9976741622589367,O3_dominant,0.0,0
37.0,4.426519835217919e+16,0.0,0.0,0.0,0.0,7633530422517265.0,0.0,0.0,0.9976240388413866,O3_dominant,0.0,0
38.0,4.479487332854927e+16,0.0,0.0,0.0,0.0,7865296568706073.0,0.0,0.0,0.9975730573919973,O3_dominant,0.0,0
39.0,4.534251449865119e+16,0.0,0.0,0.0,0.0,7972830879149764.0,0.0,0.0,0.9975142618083971,O3_dominant,0.0,0
40.0,4.584323498360161e+16,0.0,0.0,0.0,0.0,8173337293813086.0,0.0,0.0,0.9974571865837536,O3_dominant,0.0,0
41.0,4.633614655315685e+16,0.0,0.0,0.0,0.0,8302345070567510.0,0.0,0.0,0.997406120972156,O3_dominant,0.0,0
42.0,4.684647202170217e+16,0.0,0.0,0.0,0.0,8356282881437021.0,0.0,0.0,0.9973627073387162,O3_dominant,0.0,0
43.0,4.731411542115843e+16,0.0,0.0,0.0,0.0,8570072973105470.0,0.0,0.0,0.9973158643917195,O3_dominant,0.0,0
44.0,4.782352650465602e+16,0.0,0.0,0.0,0.0,8715455612210911.0,0.0,0.0,0.9972239541288106,O3_dominant,0.0,0
45.0,4.830952716812395e+16,0.0,0.0,0.0,0.0,8865703248871547.0,0.0,0.0,0.997161457125468,O3_dominant,0.0,0
46.0,4.879456707441391e+16,0.0,0.0,0.0,0.0,9016478028337646.0,0.0,0.0,0.9970864779248353,O3_dominant,0.0,0
47.0,4.945178195959554e+16,0.0,0.0,0.0,0.0,9033060867446820.0,0.0,0.0,0.9969287946361344,O3_dominant,0.0,7
48.0,4.994159782847278e+16,0.0,0.0,0.0,0.0,9058249283057290.0,0.0,0.0,0.9968388741413968,O3_dominant,0.0,9
49.0,5.053879799132047e+16,0.0,276191862672594.53,0.0,0.0,9022190466680380.0,0.0,0.0,0.9967386408652301,O3_dominant,0.0,14
50.0,5.132830368955501e+16,0.0,0.0,0.0,0.0,8890084283624743.0,0.0,0.0,0.9967014678720942,O3_dominant,0.0,20
51.0,5.193827694900835e+16,0.0,0.0,0.0,0.0,8900836738920934.0,0.0,0.0,0.9966371185412257,O3_dominant,0.0,22
52.0,5.257505443685766e+16,0.0,0.0,0.0,0.0,8958284297016073.0,0.0,0.0,0.9965880348990476,O3_dominant,0.0,25
53.0,5.313897371420538e+16,0.0,283979735616217.1,0.0,0.0,8883725243863064.0,0.0,0.0,0.9964653282866968,mixed,0.0,28
54.0,5.373570569936499e+16,0.0,287595299778799.56,0.0,0.0,8934080821425773.0,0.0,0.0,0.9963612758464726,mixed,0.0,30
55.0,5.436743727650276e+16,0.0,0.0,555563008291.7449,0.0,8983762699223120.0,0.0,0.0,0.9962666041428274,mixed,0.0,33
56.0,5.488915124222188e+16,0.0,303384557267760.0,548002994544.96594,0.0,8899480452059689.0,0.0,0.0,0.9962030223144622,mixed,0.0,35
57.0,5.52986936949302e+16,0.0,0.0,0.0,0.0,9023482677230756.0,0.0,0.0,0.9960668818708226,mixed,0.0,36
58.0,5.575751135971153e+16,0.0,287366892740835.06,526530822219.27686,0.0,9083822353270886.0,0.0,0.0,0.9960369185903433,mixed,0.0,37
59.0,5.6182556636410456e+16,0.0,355863247816109.2,622653048574.9807,0.0,9095813060565836.0,0.0,0.0,0.9959444508229022,mixed,0.0,38
60.0,5.667148977129629e+16,0.0,359583151119275.94,615243489353.2045,0.0,9132808852244050.0,0.0,0.0,0.9959382055667075,mixed,0.0,39
61.0,5.705653541066853e+16,0.0,266127990078093.7,594794155046.9506,0.0,9174589851216648.0,0.0,0.0,0.9957857601344602,mixed,0.0,40
62.0,5.755913920196695e+16,0.0,322304904395525.2,560331329352.721,0.0,9242519944546782.0,0.0,0.0,0.9957324183062324,mixed,0.0,41
63.0,5.794060738401776e+16,0.0,397404817808802.9,7318424245968.232,0.0,9323651819107848.0,0.0,0.0,0.9956684903073666,mixed,0.0,42
64.0,5.8395598772344e+16,0.0,391210904815222.8,8137408317441.049,0.0,9274461274382792.0,0.0,0.0,0.995653557053287,mixed,0.0,43
65.0,5.887066560678402e+16,0.0,340290078775448.25,727273900958.2695,0.0,9404702183960952.0,0.0,0.0,0.9956108313066881,mixed,0.0,43
66.0,5.94261567294215e+16,0.0,350947451123452.5,11995121936442.951,0.0,9310271531554736.0,0.0,0.0,0.9955543630429943,mixed,0.0,45
67.0,5.982463506155459e+16,0.0,377253304792773.4,12578627495010.406,0.0,9339057060746992.0,0.0,0.0,0.9954995789092311,mixed,0.0,45
68.0,6.040470095912349e+16,0.0,377727516158226.7,12848403316165.69,0.0,9301477446282762.0,0.0,0.0,0.9954179748569273,mixed,0.0,47
69.0,6.089579927241369e+16,0.0,379007592068680.3,27926005801819.727,0.0,9442894708835932.0,0.0,0.0,0.9953644676818342,mixed,0.0,48
70.0,6.1243438356565736e+16,0.0,410830129264781.9,811016237007.6327,0.0,9399415833823468.0,0.0,0.0,0.9953860503677627,mixed,0.0,48
71.0,6.164905772555134e+16,0.0,386938425172260.8,20067048692442.51,0.0,9494053255124544.0,0.0,0.0,0.99526555146302,mixed,0.0,49
72.0,6.19665650134129e+16,0.0,415358483476226.9,18355438468744.93,0.0,9598540132505970.0,0.0,0.0,0.9952042974191483,mixed,0.0,49
73.0,6.2534186082583096e+16,0.0,440242693534565.44,14272957149079.96,0.0,9481969153687414.0,0.0,0.0,0.9952115213818458,mixed,0.0,51
74.0,6.292076803000731e+16,0.0,489495070676497.3,22681848151316.254,0.0,9546811412360050.0,0.0,0.0,0.9951809638126795,mixed,0.0,51
75.0,6.326714757337724e+16,0.0,396477133026785.3,10948264114388.734,0.0,9695939329009440.0,0.0,0.0,0.9950597150181898,mixed,0.0,52
76.0,6.378031311711101e+16,0.0,442693458530906.5,17992654912727.477,0.0,9534679673590752.0,0.0,0.0,0.9951179912540593,mixed,0.0,53
77.0,6.411976432822522e+16,0.0,530095657984904.0,14991868929966.701,0.0,9535739683210284.0,0.0,0.0,0.9950744597804608,mixed,0.0,53
78.0,6.442016656831286e+16,0.0,449450683557658.25,25082160649055.082,0.0,9710353062982454.0,0.0,0.0,0.995053233599592,mixed,0.0,53
79.0,6.50287837206706e+16,0.0,540617902673253.5,15181285535387.098,0.0,9572926672931114.0,0.0,0.0,0.9949852706185687,mixed,0.0,55
80.0,6.538332509307599e+16,0.0,463288660333128.4,23656512805275.52,0.0,9788920539824352.0,0.0,0.0,0.9949019438110599,mixed,0.0,55
81.0,6.58087276729341e+16,0.0,530953216163230.5,22604298815700.477,0.0,9797762343902360.0,0.0,0.0,0.994819671054137,mixed,0.0,56
82.0,6.626124659325613e+16,0.0,607308156756186.1,22012903513261.438,0.0,9634959096820150.0,0.0,0.0,0.994854001998806,mixed,0.0,57
83.0,6.651366080700239e+16,0.0,571136701353316.0,22836043051396.734,0.0,9777747128835838.0,0.0,0.0,0.9947847154619439,mixed,0.0,57
84.0,6.682177712173292e+16,0.0,566843013457766.2,24870330567129.676,0.0,9829923938874520.0,0.0,0.0,0.9947170988446218,mixed,0.0,57
85.0,6.7232782853377864e+16,0.0,569909084696643.0,25798736726385.426,0.0,9868248732402786.0,0.0,0.0,0.9946272891096,mixed,0.0,58
86.0,6.768795451772574e+16,0.0,539623404940925.4,20345022228411.695,0.0,9849776675813690.0,0.0,0.0,0.9946587729301454,mixed,0.0,59
87.0,6.798783907381118e+16,0.0,629174294659526.9,27157131516805.48,0.0,9931443362502556.0,0.0,0.0,0.9946313126977897,mixed,0.0,59
88.0,6.836572456282076e+16,0.0,648659505065143.6,21031029790371.96,0.0,1.0032302330769702e+16,0.0,0.0,0.9945262959166989,mixed,0.0,60
89.0,6.890567915538568e+16,0.0,606816138532082.0,17730430313443.19,0.0,9785996545643214.0,0.0,0.0,0.9945665969823437,mixed,0.0,61
90.0,6.916633173895876e+16,0.0,592675349463602.9,29313776067394.38,0.0,9830848056373118.0,0.0,0.0,0.9945607391009345,mixed,0.0,61
91.0,6.942242978287351e+16,0.0,713995242506178.9,22385873358200.39,0.0,9969370824265278.0,0.0,0.0,0.9944701425475918,mixed,0.0,61
92.0,6.991675187926061e+16,0.0,715365230104242.2,26231016638840.867,0.0,9832619951721174.0,0.0,0.0,0.9945368418960505,mixed,0.0,62
93.0,7.016453430508907e+16,0.0,688972836400770.6,28134562109864.812,0.0,9902235808573324.0,0.0,0.0,0.9945019261981828,mixed,0.0,62
94.0,7.050879612979337e+16,0.0,727456178288313.0,22684326000381.375,0.0,9900686948995720.0,0.0,0.0,0.9944554387317176,mixed,0.0,63
95.0,7.0695941078603656e+16,0.0,786310499227622.5,33699609514757.25,0.0,9956581829443500.0,0.0,0.0,0.9943514783279154,mixed,0.0,63
96.0,7.093522723329921e+16,0.0,700154805632043.4,23490065447615.6,0.0,1.0062648348858742e+16,0.0,0.0,0.9943748239694297,mixed,0.0,63
97.0,7.116686937284794e+16,0.0,724488422212493.5,28242572407857.676,0.0,1.017593501010892e+16,0.0,0.0,0.9943806955607852,mixed,0.0,63
98.0,7.163734978742481e+16,0.0,759977658951014.2,34317372533725.28,0.0,9951489433058426.0,0.0,0.0,0.9943331969030428,mixed,0.0,64
99.0,7.200481266895104e+16,0.0,714207942513152.8,20334968344760.637,0.0,1.0033061184143112e+16,0.0,0.0,0.9941764902920001,mixed,0.0,65
100.0,7.227376522878243e+16,0.0,767359163794291.0,33945769786477.605,0.0,1.0115618309106802e+16,0.0,0.0,0.9941251995219937,mixed,0.0,65
101.0,7.255860066726974e+16,0.0,747839775220993.9,30479987756464.375,0.0,1.0169821202645378e+16,0.0,0.0,0.9941275998527879,mixed,0.0,65
102.0,7.279537554002619e+16,0.0,775171274715052.5,30039060667158.047,0.0,1.0209791019917638e+16,0.0,0.0,0.9941063544075067,mixed,0.0,65
103.0,7.321134352219523e+16,0.0,764610054966697.1,36991895170092.65,0.0,1.00844278019804e+16,0.0,0.0,0.9941082783930177,mixed,0.0,66
104.0,7.349641663714674e+16,0.0,799954478948980.8,21784072798331.156,0.0,1.0080298557139394e+16,0.0,0.0,0.9939134694557331,mixed,0.0,67
105.0,7.378452607790046e+16,0.0,795061030848936.4,34575290504566.645,0.0,1.0166326695896942e+16,0.0,0.0,0.9938708126119606,mixed,0.0,67
106.0,7.398315407408787e+16,0.0,834533351450703.9,34248043612483.336,0.0,1.0199684490604142e+16,0.0,0.0,0.9938431690473561,mixed,0.0,67
107.0,7.425924946811574e+16,0.0,849205365496994.0,30070295351413.82,0.0,1.031477874587884e+16,0.0,0.0,0.9937740655738545,mixed,0.0,67
108.0,7.454012730214589e+16,0.0,868904106893143.1,40375992258056.61,0.0,1.0333035672907822e+16,0.0,0.0,0.9937746961820029,mixed,0.0,67
109.0,7.512307078876923e+16,0.0,899138901051071.1,34106076617579.45,0.0,1.013179579360561e+16,0.0,0.0,0.9938011882097078,mixed,0.0,69
110.0,7.53122372839652e+16,0.0,879625084851200.4,34684111274043.41,0.0,1.0320620159873474e+16,0.0,0.0,0.9937222066303846,mixed,0.0,69
111.0,7.553035074476216e+16,0.0,945885958162059.9,35682791066615.35,0.0,1.035518213514343e+16,0.0,0.0,0.993710033783174,mixed,0.0,69
112.0,7.579324874433214e+16,0.0,927712113138599.0,45622229437173.99,0.0,1.0323682108779106e+16,0.0,0.0,0.9937044757223087,mixed,0.0,69
113.0,7.5987214957583e+16,0.0,893739885852939.0,45943113992289.54,0.0,1.040437950488654e+16,0.0,0.0,0.9936853509543229,mixed,0.0,69
114.0,7.618174654384429e+16,0.0,958377263122655.0,33987051596386.707,0.0,1.0458364056868682e+16,0.0,0.0,0.9936120939373979,mixed,0.0,69
115.0,7.63983094036466e+16,0.0,905990893584461.0,46307172860178.59,0.0,1.0483519715400132e+16,0.0,0.0,0.9935645840319012,mixed,0.0,69
116.0,7.665540589117334e+16,0.0,927264056118347.5,43965556105889.305,0.0,1.0488178421983398e+16,0.0,0.0,0.9934842206296439,mixed,0.0,70
117.0,7.715531773294296e+16,0.0,996186279874686.2,48365640349899.695,0.0,1.0309808398498576e+16,0.0,0.0,0.9935495610753627,mixed,0.0,71
118.0,7.74128687780509e+16,0.0,952959096682071.1,45423474923121.5,0.0,1.0395675876544192e+16,0.0,0.0,0.993598245296231,mixed,0.0,71
119.0,7.762396897562066e+16,0.0,994998816393240.1,50883731143615.836,0.0,1.0418542119263544e+16,0.0,0.0,0.9935367191676512,mixed,0.0,71
120.0,7.786362460473546e+16,0.0,1040550905163301.9,41137103024116.945,0.0,1.0418398592101388e+16,0.0,0.0,0.9935726284399609,mixed,0.0,71
121.0,7.81493926462986e+16,0.0,1010481845574328.9,55153988137513.28,0.0,1.0520189035652518e+16,0.0,0.0,0.993323855432595,mixed,0.0,72
122.0,7.837002582006789e+16,0.0,982759626689505.4,43676458950886.375,0.0,1.0538674433548184e+16,0.0,0.0,0.9933554573758345,mixed,0.0,72
123.0,7.860194776770478e+16,0.0,994063576377529.6,32108451183646.594,0.0,1.0593759826533224e+16,0.0,0.0,0.9932812128761226,mixed,0.0,72
124.0,7.907637301261259e+16,0.0,1006544695937694.2,38619088045951.22,0.0,1.0423579104250366e+16,0.0,0.0,0.9933955926030887,mixed,0.0,73
125.0,7.933361157757798e+16,0.0,968664825281318.8,45037710414107.01,0.0,1.0367945134839038e+16,0.0,0.0,0.9932946041685576,mixed,0.0,73
126.0,7.958158245442058e+16,0.0,1118475472104463.0,44878703262186.9,0.0,1.0519868449590096e+16,0.0,0.0,0.9932953082645696,mixed,0.0,73
127.0,7.979427284875701e+16,0.0,987860157700744.1,41707601809768.03,0.0,1.0490555069115872e+16,0.0,0.0,0.9932457374691973,mixed,0.0,73
128.0,7.99743027067637e+16,0.0,1067888657315317.4,48317615779642.73,0.0,1.0583096678884476e+16,0.0,0.0,0.9932850517841554,mixed,0.0,73
129.0,8.017113137290474e+16,0.0,1057770322789730.8,45595230027644.68,0.0,1.0678347692374534e+16,0.0,0.0,0.9932453341221299,mixed,0.0,73
130.0,8.04173419127894e+16,0.0,1040552762454282.0,46628642374343.21,0.0,1.060838223926256e+16,0.0,0.0,0.9930615154698065,mixed,0.0,74
131.0,8.059834239308154e+16,0.0,1087173357193469.9,56643712882212.74,0.0,1.0726067674961956e+16,0.0,0.0,0.9930687166076635,mixed,0.0,74
132.0,8.080940347988395e+16,0.0,1057710122755189.6,35244070975476.3,0.0,1.0666275368565584e+16,0.0,0.0,0.9930473630795099,mixed,0.0,74
133.0,8.099413736675579e+16,0.0,1129228654913648.0,43913408746436.49,0.0,1.0814065417302952e+16,0.0,0.0,0.9929598430982288,mixed,0.0,74
134.0,8.149396167858274e+16,0.0,1135956263324363.2,48661045922432.766,0.0,1.0537367872188052e+16,0.0,0.0,0.993039132001649,mixed,0.0,75
135.0,8.166804363310189e+16,0.0,1145215603806351.0,44855832904859.24,0.0,1.0585544483441882e+16,0.0,0.0,0.9929869901296092,mixed,0.0,75
136.0,8.188564875216437e+16,0.0,1165838208640467.0,38916816357112.375,0.0,1.0665270248146578e+16,0.0,0.0,0.9930215418687693,mixed,0.0,75
137.0,8.209088250503827e+16,0.0,1143841511813066.8,49723356517826.516,0.0,1.07168686459472e+16,0.0,0.0,0.9929837410232116,mixed,0.0,75
138.0,8.223831798776699e+16,0.0,1135489412144810.2,46544344121178.35,0.0,1.0774749250675686e+16,0.0,0.0,0.993010681201702,mixed,0.0,75
139.0,8.25140907885536e+16,0.0,1188600008545532.2,60486955409745.72,0.0,1.0790324691720026e+16,0.0,0.0,0.992748698623778,mixed,0.0,76
140.0,8.27027458108904e+16,0.0,1171830746853896.0,48988451183511.67,0.0,1.077131274439915e+16,0.0,0.0,0.9927496224616823,mixed,0.0,76
141.0,8.292097130120267e+16,0.0,1222629541445595.5,55993804266825.52,0.0,1.083259584144955e+16,0.0,0.0,0.9927346299446553,mixed,0.0,76
142.0,8.338610094234477e+16,0.0,1172614375123645.2,57455400834157.02,0.0,1.0598294164486668e+16,0.0,0.0,0.9929098549256864,mixed,0.0,77
143.0,8.354843499679467e+16,0.0,1224975046545108.8,55873146214969.914,0.0,1.0645081664092238e+16,0.0,0.0,0.992826784211044,mixed,0.0,77
144.0,8.373273347605077e+16,0.0,1225634154126377.2,49256896164561.41,0.0,1.071232018232064e+16,0.0,0.0,0.9928580164595062,mixed,0.0,77
145.0,8.385100456026458e+16,0.0,1214803735010159.0,57232908236941.336,0.0,1.0728662441630034e+16,0.0,0.0,0.9927680750902268,mixed,0.0,77
146.0,8.399543244068253e+16,0.0,1232875948005954.8,49856908873925.28,0.0,1.0751621374144524e+16,0.0,0.0,0.9928161814554131,mixed,0.0,77
147.0,8.413799751288842e+16,0.0,1225344784916987.0,65606076129666.51,0.0,1.0704294222760438e+16,0.0,0.0,0.9927870129129213,mixed,0.0,77
148.0,8.42448521985335e+16,0.0,1208717005205260.8,63708848928840.66,0.0,1.0762236883354898e+16,0.0,0.0,0.9928219485928119,mixed,0.0,77
149.0,8.442320060226952e+16,0.0,1283170070067339.0,56730975290492.07,0.0,1.0855014056539058e+16,0.0,0.0,0.9928050439546366,mixed,0.0,77
150.0,8.464765847530517e+16,0.0,1270839912387463.8,53731731804530.7,0.0,1.093378094280029e+16,0.0,0.0,0.9927057023171342,mixed,0.0,77
151.0,8.479932346345259e+16,0.0,1254140708455796.5,51884876131636.96,0.0,1.091633960606362e+16,0.0,0.0,0.9927171520059934,mixed,0.0,77
152.0,8.49059901597906e+16,0.0,1307214735607741.0,52065035450956.875,0.0,1.0939478709185098e+16,0.0,0.0,0.9926725561458949,mixed,0.0,77
153.0,8.516148923068608e+16,0.0,1321550061751946.0,57899633409574.484,0.0,1.0950953795539354e+16,0.0,0.0,0.9925568536429652,mixed,0.0,78
154.0,8.574606424537026e+16,0.0,1327284362003504.2,63655010914066.76,0.0,1.0600428097873542e+16,0.0,0.0,0.9926418010925122,mixed,0.0,79
155.0,8.58502110011575e+16,0.0,1342576271165408.8,50785805127530.7,0.0,1.0735691328220488e+16,0.0,0.0,0.9926829069936314,mixed,0.0,79
156.0,8.599219450951003e+16,0.0,1333035834780321.0,65054209302230.2,0.0,1.0784278410889684e+16,0.0,0.0,0.9926405568735882,mixed,0.0,79
157.0,8.613347415641083e+16,0.0,1322447065949364.2,58838488766819.08,0.0,1.0903311647890442e+16,0.0,0.0,0.9926187381067711,mixed,0.0,79
158.0,8.625459595960984e+16,0.0,1321431987376323.5,66476382991730.53,0.0,1.0855704018646086e+16,0.0,0.0,0.992572389514519,mixed,0.0,79
159.0,8.643631266676594e+16,0.0,1325287940931983.0,62159856910232.28,0.0,1.0896393473596708e+16,0.0,0.0,0.9925821545291771,mixed,0.0,79
160.0,8.657008886182277e+16,0.0,1359866942333752.2,62769706199905.94,0.0,1.0833170353947402e+16,0.0,0.0,0.9926172777331776,mixed,0.0,79
161.0,8.671965698471768e+16,0.0,1330714022578884.8,48620369690756.41,0.0,1.0878498684170326e+16,0.0,0.0,0.9925958526032488,mixed,0.0,79
162.0,8.685896755836318e+16,0.0,1348810383192208.2,63960933276888.05,0.0,1.0960630895366612e+16,0.0,0.0,0.992572846935841,mixed,0.0,79
163.0,8.699913431821435e+16,0.0,1400950948884073.8,41335912567337.875,0.0,1.1039236784861952e+16,0.0,0.0,0.9924896974791507,mixed,0.0,79
164.0,8.719624950026454e+16,0.0,1364407163227539.8,69184498025903.95,0.0,1.1061754777808134e+16,0.0,0.0,0.9924525748968462,mixed,0.0,79
165.0,8.731797750234934e+16,0.0,1362736154296657.0,64647042527762.04,0.0,1.1066119096284396e+16,0.0,0.0,0.9924702469900218,mixed,0.0,79
166.0,8.745752671848837e+16,0.0,1448327889301033.0,61187917919954.17,0.0,1.1022601739042276e+16,0.0,0.0,0.9925349934363679,mixed,0.0,79
167.0,8.759528070866563e+16,0.0,1430346647051739.0,63893827109016.195,0.0,1.102415771626207e+16,0.0,0.0,0.992506945557924,mixed,0.0,79
168.0,8.781988785585826e+16,0.0,1425698756803333.8,62411399316968.414,0.0,1.111442291046227e+16,0.0,0.0,0.9922895613254621,mixed,0.0,80
169.0,8.821567980273792e+16,0.0,1457600201713277.0,60722582186416.414,0.0,1.0895474658302678e+16,0.0,0.0,0.9926380178627497,mixed,0.0,80
170.0,8.847332840893467e+16,0.0,1531239895084522.2,66915274390217.445,0.0,1.0888182164392348e+16,0.0,0.0,0.9923465076218233,mixed,0.0,81
171.0,8.857745856320594e+16,0.0,1418137418285357.8,63489609197062.56,0.0,1.0922361741953154e+16,0.0,0.0,0.9923760069060261,mixed,0.0,81
172.0,8.869036906846669e+16,0.0,1392465818588170.5,57482095642851.62,0.0,1.0897274020807846e+16,0.0,0.0,0.9923614604999534,mixed,0.0,81
173.0,8.8832569608536e+16,0.0,1546309591163869.2,53975561853179.53,0.0,1.0935807447920154e+16,0.0,0.0,0.9923487161640732,mixed,0.0,81
174.0,8.897349636646808e+16,0.0,1496296263786350.5,54557016822820.28,0.0,1.0951739127044314e+16,0.0,0.0,0.9923770484039732,mixed,0.0,81
175.0,8.906998841977368e+16,0.0,1468499432033843.5,68447637004193.6,0.0,1.0996133470447032e+16,0.0,0.0,0.9923446795159474,mixed,0.0,81
176.0,8.917934793044706e+16,0.0,1549238078869395.5,70238811892059.99,0.0,1.0959205690618628e+16,0.0,0.0,0.9923770363837355,mixed,0.0,81
177.0,8.933697374965936e+16,0.0,1462933210318849.5,59739976938686.03,0.0,1.1030581377378702e+16,0.0,0.0,0.9923210498290639,mixed,0.0,81
178.0,8.951387383636653e+16,0.0,1512182261634913.8,76827510734764.3,0.0,1.1059224786444818e+16,0.0,0.0,0.9923002803076081,mixed,0.0,81
179.0,8.96282907885185e+16,0.0,1561735375558151.0,64844675691090.54,0.0,1.1139472688396246e+16,0.0,0.0,0.9922663396092776,mixed,0.0,81
180.0,8.96775766678906e+16,0.0,1535132195399807.0,71903951710383.39,0.0,1.1203640366277908e+16,0.0,0.0,0.9922694489656585,mixed,0.0,81
181.0,8.982911019218462e+16,0.0,1552191107132953.0,68181834540022.04,0.0,1.1191434277807838e+16,0.0,0.0,0.992302801458528,mixed,0.0,81
182.0,8.99950108827015e+16,0.0,1577836194859910.0,72205298599556.31,0.0,1.1182549828320556e+16,0.0,0.0,0.992199259242284,mixed,0.0,81
183.0,9.014457930385488e+16,0.0,1579774954611687.0,73292058173527.55,0.0,1.1135753144676792e+16,0.0,0.0,0.9921878521915589,mixed,0.0,81
184.0,9.024877997905491e+16,0.0,1596163903636289.0,80697225282530.69,0.0,1.1193807422383558e+16,0.0,0.0,0.9921902791897325,mixed,0.0,81
185.0,9.029024054611224e+16,0.0,1616732729533305.2,66980116111168.234,0.0,1.1369587045680618e+16,0.0,0.0,0.9922236002756264,mixed,0.0,81
186.0,9.04746482411408e+16,0.0,1623219863376055.5,66540312362153.72,0.0,1.1345309765612784e+16,0.0,0.0,0.9922241065873296,mixed,0.0,81
187.0,9.055148280632552e+16,0.0,1624188621882514.8,73292951036885.23,0.0,1.1316237520137638e+16,0.0,0.0,0.9921846887817961,mixed,0.0,81
188.0,9.077424280614843e+16,0.0,1557498085567663.2,72128831960893.31,0.0,1.132379910983635e+16,0.0,0.0,0.9920370262173114,mixed,0.0,82
189.0,9.131771387020387e+16,0.0,1621168818734525.8,67964518374508.76,0.0,1.0981326185931112e+16,0.0,0.0,0.9921199983201907,mixed,0.0,83
190.0,9.136414069013467e+16,0.0,1603418933485447.8,73857060377052.72,0.0,1.1108168738055782e+16,0.0,0.0,0.992133813035314,mixed,0.0,83
191.0,9.15567204260394e+16,0.0,1721747794286164.0,65893436274287.414,0.0,1.1023574884502296e+16,0.0,0.0,0.9921017562130539,mixed,0.0,83
192.0,9.1641356791024e+16,0.0,1697790607821581.2,63405459659764.51,0.0,1.1126805337623926e+16,0.0,0.0,0.9920926158283137,mixed,0.0,83
193.0,9.178004883781723e+16,0.0,1642776073158522.5,74829272859888.84,0.0,1.1102723958033712e+16,0.0,0.0,0.9920489843560416,mixed,0.0,83
194.0,9.19046937862834e+16,0.0,1738960585481806.8,72260804949822.42,0.0,1.1177287447316692e+16,0.0,0.0,0.9920167256972808,mixed,0.0,83
195.0,9.196297413307214e+16,0.0,1754708118037994.5,68656502457028.98,0.0,1.1232035884369704e+16,0.0,0.0,0.9921283418200498,mixed,0.0,83
196.0,9.207250683331416e+16,0.0,1690216984184502.2,67155823052207.32,0.0,1.1211702732873988e+16,0.0,0.0,0.9920553446468169,mixed,0.0,83
197.0,9.21977497009501e+16,0.0,1754102546439541.5,78052986298519.97,0.0,1.1197836333061944e+16,0.0,0.0,0.9920786539556393,mixed,0.0,83
198.0,9.22758343952389e+16,0.0,1761450301223408.8,76446120725801.53,0.0,1.122691298944134e+16,0.0,0.0,0.992060429167654,mixed,0.0,83
199.0,9.234655121201117e+16,0.0,1717207403685437.5,84903429960675.23,0.0,1.124350190005221e+16,0.0,0.0,0.9920738644651417,mixed,0.0,83
200.0,9.249134225261946e+16,0.0,1733065328851375.8,80332151229500.84,0.0,1.128416640650022e+16,0.0,0.0,0.9920338656347107,mixed,0.0,83
201.0,9.254005268286504e+16,0.0,1721702451863613.0,83503840815488.53,0.0,1.1266954224378442e+16,0.0,0.0,0.9919978001727047,mixed,0.0,83
202.0,9.268597470459642e+16,0.0,1726173151220982.2,66285210784265.375,0.0,1.1265685639824676e+16,0.0,0.0,0.992035179199067,mixed,0.0,83
203.0,9.27716783315147e+16,0.0,1770828754776793.0,73739001889853.02,0.0,1.1372137557520478e+16,0.0,0.0,0.991877512047672,mixed,0.0,83
204.0,9.28711344306382e+16,0.0,1769124786965218.0,79292452121690.28,0.0,1.1300850942967216e+16,0.0,0.0,0.9919258076162559,mixed,0.0,83
205.0,9.329169856446189e+16,0.0,1780720890970930.0,77727724127829.27,0.0,1.114973439126737e+16,0.0,0.0,0.9918947409001291,mixed,0.0,84
206.0,9.340237283433027e+16,0.0,1740798214089315.5,81247726744277.42,0.0,1.1089730275424384e+16,0.0,0.0,0.9919932722568432,mixed,0.0,84
207.0,9.349710675893294e+16,0.0,1761985845720960.5,77734989375183.45,0.0,1.118775804639008e+16,0.0,0.0,0.9919117244002843,mixed,0.0,84
208.0,9.354399410592702e+16,0.0,1773734403926642.8,76248455569356.1,0.0,1.1217924896565502e+16,0.0,0.0,0.9919239771957323,mixed,0.0,84
209.0,9.370295189233862e+16,0.0,1780521996747217.5,77250380598268.53,0.0,1.1229390771754416e+16,0.0,0.0,0.9918841647173497,mixed,0.0,84
210.0,9.392616406856982e+16,0.0,1788962974789519.8,77795322512433.11,0.0,1.1187095975775868e+16,0.0,0.0,0.9917474420168787,mixed,0.0,85
211.0,9.402168477948869e+16,0.0,1855988579690743.5,79654684594249.44,0.0,1.1238745140152138e+16,0.0,0.0,0.9917043358486198,mixed,0.0,85
212.0,9.413513891546915e+16,0.0,1836144691555788.5,90336373626370.16,0.0,1.1211074726653678e+16,0.0,0.0,0.9917199928174439,mixed,0.0,85
213.0,9.421692881798093e+16,0.0,1859803501135906.5,79614457107360.77,0.0,1.1268446167082086e+16,0.0,0.0,0.9917496709439237,mixed,0.0,85
214.0,9.430277833776851e+16,0.0,1840241378888778.0,74807704559811.73,0.0,1.1340094789722854e+16,0.0,0.0,0.9916450241989813,mixed,0.0,85
215.0,9.440339291354424e+16,0.0,1843536888549157.2,86678960962874.1,0.0,1.1261930798383888e+16,0.0,0.0,0.9916505783180746,mixed,0.0,85
216.0,9.44949933748342e+16,0.0,1852503674888825.8,80467425163716.62,0.0,1.137457045078917e+16,0.0,0.0,0.9916367915044653,mixed,0.0,85
217.0,9.461625923437733e+16,0.0,1883145902199469.8,95604156654618.61,0.0,1.1304578297687458e+16,0.0,0.0,0.9916985549577423,mixed,0.0,85
218.0,9.46755100556129e+16,0.0,1884626304402654.2,78789775005750.5,0.0,1.1412876896240092e+16,0.0,0.0,0.9916386826703805,mixed,0.0,85
219.0,9.47923541085572e+16,0.0,1904808697580904.2,85009862330535.61,0.0,1.1453848787757258e+16,0.0,0.0,0.9915971785902429,mixed,0.0,85
220.0,9.486625948398946e+16,0.0,1915822090327526.8,88978984175209.62,0.0,1.1467378265796956e+16,0.0,0.0,0.9915554640496819,mixed,0.0,85
221.0,9.496623511315419e+16,0.0,1905817111207828.2,89548266398901.23,0.0,1.1470439409742034e+16,0.0,0.0,0.9915283969499041,mixed,0.0,85
222.0,9.506961433462568e+16,0.0,1909379011004280.2,79533157423859.3,0.0,1.1480260333825246e+16,0.0,0.0,0.991599579550919,mixed,0.0,85
223.0,9.515338069684395e+16,0.0,1856472476094128.0,84198677412739.22,0.0,1.1481134391484994e+16,0.0,0.0,0.9915521094639566,mixed,0.0,85
224.0,9.523785703043488e+16,0.0,1953676339053283.8,80782378478864.45,0.0,1.1474371217882578e+16,0.0,0.0,0.9915794053717271,mixed,0.0,85
225.0,9.532179484158523e+16,0.0,1968592306108244.8,87767602685160.67,0.0,1.1491989633964312e+16,0.0,0.0,0.9914234537907529,mixed,0.0,85
226.0,9.541267009285333e+16,0.0,1953740645038183.8,89853872531936.61,0.0,1.159379731232314e+16,0.0,0.0,0.991484896055843,mixed,0.0,85
227.0,9.556728614460091e+16,0.0,1961337484248040.2,82358167931354.69,0.0,1.1550823771198444e+16,0.0,0.0,0.9914919214290466,mixed,0.0,85
228.0,9.594111812544722e+16,0.0,2009032681798555.8,90958662212660.73,0.0,1.1346563654769792e+16,0.0,0.0,0.9914332871331044,mixed,0.0,86
229.0,9.563135934842178e+16,0.0,1947827402914582.0,85814326106528.95,0.0,1.1722460548829024e+16,0.0,0.0,0.9914581420152213,mixed,0.0,85
230.0,9.572710552712933e+16,0.0,1938851434449752.5,82184372712949.33,0.0,1.1593380738163778e+16,0.0,0.0,0.9914544077820927,mixed,0.0,85
231.0,9.584631454647725e+16,0.0,2022780538790906.0,98219013584742.39,0.0,1.163092049729281e+16,0.0,0.0,0.9914674544931535,mixed,0.0,85
232.0,9.61769242965279e+16,0.0,2033694436958420.0,87480993994253.14,0.0,1.1389196734321586e+16,0.0,0.0,0.9914193356125095,mixed,0.0,86
233.0,9.627830340595762e+16,0.0,1961959976031693.0,93049114816731.17,0.0,1.1501627430881996e+16,0.0,0.0,0.9913616861863253,mixed,0.0,86
234.0,9.638354823746075e+16,0.0,2014130770108035.0,90008273771528.17,0.0,1.147756237335573e+16,0.0,0.0,0.9913623532140348,mixed,0.0,86
235.0,9.64992103171518e+16,0.0,2015791396923907.8,79982942877994.84,0.0,1.1461213140148196e+16,0.0,0.0,0.9914540607884266,mixed,0.0,86
236.0,9.648571530834454e+16,0.0,2022345185169536.5,89350376139611.86,0.0,1.1545701966589444e+16,0.0,0.0,0.9913672485991546,mixed,0.0,86
237.0,9.665360060096331e+16,0.0,2081099619001128.0,84946751822830.4,0.0,1.1456313882458636e+16,0.0,0.0,0.9912773368070211,mixed,0.0,86
238.0,9.667916945943824e+16,0.0,2067592358980479.8,86660560314182.67,0.0,1.1569844822170932e+16,0.0,0.0,0.9913239350130896,mixed,0.0,86
239.0,9.681681684925424e+16,0.0,2071626852932202.0,104583744455755.86,0.0,1.1553475952130984e+16,0.0,0.0,0.9913320725459953,mixed,0.0,86
240.0,9.68183144229957e+16,0.0,2052495578737556.2,77599203991655.8,0.0,1.16310384423526e+16,0.0,0.0,0.9912873526121679,mixed,0.0,86
241.0,9.687579888375646e+16,0.0,2074887264235752.2,107049192416773.1,0.0,1.1692366142248192e+16,0.0,0.0,0.9912870861937018,mixed,0.0,86
242.0,9.698333801864226e+16,0.0,2083306168399030.5,88878339822266.67,0.0,1.1662242758367212e+16,0.0,0.0,0.9912449120799782,mixed,0.0,86
243.0,9.704830163292662e+16,0.0,2065662854238698.2,92609399602950.25,0.0,1.1597065330527056e+16,0.0,0.0,0.9913243731220516,mixed,0.0,86
244.0,9.71480113786981e+16,0.0,2125287467865589.5,91607992079499.4,0.0,1.159326260297272e+16,0.0,0.0,0.99129756108801,mixed,0.0,86
245.0,9.719631484879723e+16,0.0,2153157918097936.0,96266219179406.12,0.0,1.1604687826254038e+16,0.0,0.0,0.9912585087585055,mixed,0.0,86
246.0,9.725623319320189e+16,0.0,2128623446676790.2,94947120306477.25,0.0,1.1607270747185452e+16,0.0,0.0,0.9912630469449729,mixed,0.0,86
247.0,9.733000561065144e+16,0.0,2073168913888502.8,83690139875769.52,0.0,1.1667818572218472e+16,0.0,0.0,0.9912225141621449,mixed,0.0,86
248.0,9.741476904207848e+16,0.0,2131008805796395.5,100209745105737.3,0.0,1.1761705317260504e+16,0.0,0.0,0.9911949545005824,mixed,0.0,86
249.0,9.768299230238203e+16,0.0,2170379268017789.8,101069798059051.89,0.0,1.1663722044962372e+16,0.0,0.0,0.9910137287590497,mixed,0.0,87
250.0,9.752811848226427e+16,0.0,2108035897599771.2,99098077984753.77,0.0,1.1756165868354166e+16,0.0,0.0,0.9911448494990035,mixed,0.0,86
251.0,9.782285680734965e+16,0.0,2164506512333466.2,88718985196518.28,0.0,1.1662315358290748e+16,0.0,0.0,0.9910776787754373,mixed,0.0,87
252.0,9.778516691924317e+16,0.0,2191309817456805.0,107029928386830.02,0.0,1.1740087421536998e+16,0.0,0.0,0.9909358367587813,mixed,0.0,87
253.0,9.794048511881835e+16,0.0,2224674160820594.2,95633397455399.36,0.0,1.1759832142056752e+16,0.0,0.0,0.991006446300939,mixed,0.0,87
254.0,9.803325878456802e+16,0.0,2146337306494943.2,107117232434869.45,0.0,1.177621908481576e+16,0.0,0.0,0.9908587004136193,mixed,0.0,87
255.0,9.8061374824643e+16,0.0,2175968853537357.8,109463864374798.36,0.0,1.1868793605445382e+16,0.0,0.0,0.9909584604226624,mixed,0.0,87
256.0,9.810076779302162e+16,0.0,2195519378628693.2,103127284116745.02,0.0,1.1805581828115032e+16,0.0,0.0,0.9909595947102392,mixed,0.0,87
257.0,9.815815469763912e+16,0.0,2209682461011754.8,110669349833163.95,0.0,1.1813133349242696e+16,0.0,0.0,0.9908927642196593,mixed,0.0,87
258.0,9.829141842505944e+16,0.0,2134748901545152.0,92797179768127.33,0.0,1.1836508415399094e+16,0.0,0.0,0.9909600208478916,mixed,0.0,87
259.0,9.835153092558286e+16,0.0,2208056471976216.5,99217972119507.3,0.0,1.1917104472652542e+16,0.0,0.0,0.9908679709270994,mixed,0.0,87
260.0,9.841604585035872e+16,0.0,2217189328801034.2,100440717726933.73,0.0,1.183319648349347e+16,0.0,0.0,0.9909502670353957,mixed,0.0,87
261.0,9.845939240896451e+16,0.0,2278628030376106.5,100977176281234.9,0.0,1.1876793165753076e+16,0.0,0.0,0.9909209345356176,mixed,0.0,87
262.0,9.887333141039176e+16,0.0,2264167795072119.5,108201242683702.48,0.0,1.1590990434927438e+16,0.0,0.0,0.9909098008629209,mixed,0.0,88
263.0,9.889817896237546e+16,0.0,2207825700848119.8,100598456816498.31,0.0,1.1597974306414938e+16,0.0,0.0,0.9908426562253667,mixed,0.0,88
264.0,9.898896198740326e+16,0.0,2294273871664452.0,110067925723828.3,0.0,1.1643956668578166e+16,0.0,0.0,0.9908968036158533,mixed,0.0,88
265.0,9.903299609295656e+16,0.0,2305198852322120.5,103704866613772.23,0.0,1.1626995338108254e+16,0.0,0.0,0.9907848002060534,mixed,0.0,88
266.0,9.912022057395787e+16,0.0,2268487446490445.0,102364295030153.23,0.0,1.169969857316875e+16,0.0,0.0,0.9908015919894253,mixed,0.0,88
267.0,9.923834612599253e+16,0.0,2293560593808562.0,108390790297989.98,0.0,1.1702968592512558e+16,0.0,0.0,0.9907838103478697,mixed,0.0,88
268.0,9.928120979677453e+16,0.0,2235163948432130.5,107653673404699.94,0.0,1.1720962036018356e+16,0.0,0.0,0.9908312941196042,mixed,0.0,88
269.0,9.937571598720992e+16,0.0,2374039124208619.5,110931962707194.25,0.0,1.1759253648702398e+16,0.0,0.0,0.9907922710903914,mixed,0.0,88
270.0,9.942547599055717e+16,0.0,2278888601130556.0,101342733090448.08,0.0,1.1775964174398728e+16,0.0,0.0,0.9907784996782173,mixed,0.0,88
271.0,9.951954423015322e+16,0.0,2322603735410818.0,110812908898775.6,0.0,1.1793566501415406e+16,0.0,0.0,0.9907630349804227,mixed,0.0,88
272.0,9.951762049361411e+16,0.0,2369454126856355.0,111463079833759.95,0.0,1.1806154575930986e+16,0.0,0.0,0.9906666479007477,mixed,0.0,88
273.0,9.960351663611509e+16,0.0,2357094509515381.5,115589447251825.77,0.0,1.1802188441964676e+16,0.0,0.0,0.9906802295959615,mixed,0.0,88
274.0,9.963177293008384e+16,0.0,2379566819981333.0,104050274068759.88,0.0,1.1765258569324002e+16,0.0,0.0,0.9907802774498087,mixed,0.0,88
275.0,9.970417856198373e+16,0.0,2339837236393585.0,104153153471849.86,0.0,1.1845518070999654e+16,0.0,0.0,0.9907378881918643,mixed,0.0,88
276.0,9.97571507697859e+16,0.0,2271425434595340.5,115047687144604.77,0.0,1.1854107365615734e+16,0.0,0.0,0.9906741633159311,mixed,0.0,88
277.0,9.977536149891091e+16,0.0,2390418063472787.0,112528939514840.6,0.0,1.191022917278406e+16,0.0,0.0,0.9907425603047297,mixed,0.0,88
278.0,9.982664218793102e+16,0.0,2372798160144666.0,111601672451681.86,0.0,1.1884398575358562e+16,0.0,0.0,0.9907441923306057,mixed,0.0,88
279.0,9.988737124359293e+16,0.0,2385625894644591.5,108656948237993.53,0.0,1.1849544116900192e+16,0.0,0.0,0.9906146241538951,mixed,0.0,88
280.0,9.994804386277077e+16,0.0,2325504327824754.0,112103112183167.22,0.0,1.1933637403250654e+16,0.0,0.0,0.9905927736990928,mixed,0.0,88
281.0,9.998946317770256e+16,0.0,2380160361004654.5,110906118975104.52,0.0,1.1935090412102642e+16,0.0,0.0,0.9907433237101164,mixed,0.0,88
282.0,1.0010753482666542e+17,0.0,2421252763963878.5,110341618379451.81,0.0,1.1943369740878616e+16,0.0,0.0,0.9906258540580681,mixed,0.0,88
283.0,1.0011098947051645e+17,0.0,2418125081617244.5,124654552893207.5,0.0,1.192592539633914e+16,0.0,0.0,0.9906589439277086,mixed,0.0,88
284.0,1.0017093286832456e+17,0.0,2457947834568382.0,111191283605569.48,0.0,1.195536261296066e+16,0.0,0.0,0.9906740811131894,mixed,0.0,88
285.0,1.0020034729166522e+17,0.0,2458452055483351.0,126199593594062.6,0.0,1.2081332162985906e+16,0.0,0.0,0.9905673945096184,mixed,0.0,88
286.0,1.003243623062228e+17,0.0,2456661763203455.5,117740977559167.36,0.0,1.1989935648547464e+16,0.0,0.0,0.9906369330231509,mixed,0.0,88
287.0,1.003325589596259e+17,0.0,2414934190180910.0,118128853739382.14,0.0,1.1977609911136834e+16,0.0,0.0,0.990588669652795,mixed,0.0,88
288.0,1.0039914084609634e+17,0.0,2418228085519484.0,133710635441960.28,0.0,1.208418395917319e+16,0.0,0.0,0.9905908638986002,mixed,0.0,88
289.0,1.0041987767052966e+17,0.0,2442388150836693.5,119854630012287.6,0.0,1.2013011748155194e+16,0.0,0.0,0.9906039856390837,mixed,0.0,88
290.0,1.0047154019556443e+17,0.0,2408800734987115.5,127909270505144.11,0.0,1.2014930630167904e+16,0.0,0.0,0.9905364223742462,mixed,0.0,88
291.0,1.0057055904581008e+17,0.0,2471761404820716.0,122199611050358.4,0.0,1.2061202166358128e+16,0.0,0.0,0.9905443146395142,mixed,0.0,88
292.0,1.0086921256124013e+17,0.0,2493719353874549.0,119298373958436.33,0.0,1.205652596109222e+16,0.0,0.0,0.9903964704794328,mixed,0.0,89
293.0,1.0087858859363547e+17,0.0,2481867715378844.0,117724231837516.89,0.0,1.207172672489928e+16,0.0,0.0,0.9903409472586376,mixed,0.0,89
294.0,1.009196363677716e+17,0.0,2494933684180182.0,110736292242685.39,0.0,1.1997170839878638e+16,0.0,0.0,0.9903784500952347,mixed,0.0,89
295.0,1.0101156534952602e+17,0.0,2563936104459925.0,128545142340662.81,0.0,1.1990366014088258e+16,0.0,0.0,0.9903994986954225,mixed,0.0,89
296.0,1.0111176443609362e+17,0.0,2533398431469269.0,131402808326546.06,0.0,1.2004544468300218e+16,0.0,0.0,0.990278123730985,mixed,0.0,89
297.0,1.0109593539257688e+17,0.0,2510929271748793.5,126879218796740.39,0.0,1.2100208758374036e+16,0.0,0.0,0.9902926722552621,mixed,0.0,89
298.0,1.011747036494649e+17,0.0,2542763056340524.0,132412381079675.53,0.0,1.2023974184647092e+16,0.0,0.0,0.9903931781970758,mixed,0.0,89
299.0,1.012378631218368e+17,0.0,2535135578784024.5,127407030819796.89,0.0,1.208035642650389e+16,0.0,0.0,0.9903462619744281,mixed,0.0,89
300.0,1.0127213187550194e+17,0.0,2476945258307423.0,119660975708957.78,0.0,1.2084151842855016e+16,0.0,0.0,0.9902791952709399,mixed,0.0,89
301.0,1.0136744332516344e+17,0.0,2592827636518450.0,126945434927670.77,0.0,1.2052167585788018e+16,0.0,0.0,0.9902990585114998,mixed,0.0,89
302.0,1.0144387555525565e+17,0.0,2548504466652154.5,128102694681917.03,0.0,1.213764519384546e+16,0.0,0.0,0.9902716329188548,mixed,0.0,89
303.0,1.0145816111909755e+17,0.0,2529552298720287.5,143806205478678.53,0.0,1.2065614682138654e+16,0.0,0.0,0.9902651606082362,mixed,0.0,89
304.0,1.0145745157917549e+17,0.0,2489414820732978.5,133178525641195.0,0.0,1.2132922709361822e+16,0.0,0.0,0.9902657305566739,mixed,0.0,89
305.0,1.015619092464676e+17,0.0,2534107220792621.5,118290442730630.03,0.0,1.2114929001777846e+16,0.0,0.0,0.9903204781655939,mixed,0.0,89
306.0,1.016021005212622e+17,0.0,2492551359199964.0,133761686174436.45,0.0,1.2141459316549434e+16,0.0,0.0,0.9902470733980292,mixed,0.0,89
307.0,1.0211656979911045e+17,0.0,2526163659985923.5,119328398631097.23,0.0,1.185593040961099e+16,0.0,0.0,0.9902558571891501,mixed,0.0,90
308.0,1.0225677063809226e+17,0.0,2595183000592947.5,118610365268913.69,0.0,1.1832905768743514e+16,0.0,0.0,0.990279874368723,mixed,0.0,90
309.0,1.0222090185952138e+17,0.0,2598465890237623.5,118198276522236.23,0.0,1.1964828394677184e+16,0.0,0.0,0.9902184293865557,mixed,0.0,90
310.0,1.0229179745080643e+17,0.0,2548128579457970.0,128903200866310.36,0.0,1.1875180251753336e+16,0.0,0.0,0.9902890395910802,mixed,0.0,90
311.0,1.0234896694401346e+17,0.0,2565331492296929.0,122769136749486.47,0.0,1.186230440411188e+16,0.0,0.0,0.9902726450619126,mixed,0.0,90
312.0,1.0229162916135674e+17,0.0,2581599271175439.5,124804244887465.92,0.0,1.2013454995246474e+16,0.0,0.0,0.9902139590127571,mixed,0.0,90
313.0,1.0234455621780538e+17,0.0,2535179042794463.0,113206712907805.5,0.0,1.1948823788836312e+16,0.0,0.0,0.9902822317239087,mixed,0.0,90
314.0,1.0240277087923122e+17,0.0,2583698051460967.0,121327845907287.08,0.0,1.1932165760973572e+16,0.0,0.0,0.9902466144377928,mixed,0.0,90
315.0,1.0245011087786134e+17,0.0,2555948015764262.0,117813848071672.36,0.0,1.1986853424392796e+16,0.0,0.0,0.9901665128453768,mixed,0.0,90
316.0,1.0256113464431595e+17,0.0,2588440204049283.5,132062586315342.58,0.0,1.2020112238751912e+16,0.0,0.0,0.9902384688665137,mixed,0.0,90
317.0,1.0253764303955334e+17,0.0,2667678203143395.5,132222883011370.38,0.0,1.2031393126389388e+16,0.0,0.0,0.9901725981351829,mixed,0.0,90
318.0,1.0264500357966622e+17,0.0,2640903291212308.5,130590769718664.08,0.0,1.203438655813937e+16,0.0,0.0,0.9901833883549108,mixed,0.0,90
319.0,1.026897319726966e+17,0.0,2674865884954264.0,125161323347746.94,0.0,1.2028238943214548e+16,0.0,0.0,0.9901822577432293,mixed,0.0,90
320.0,1.0263726113549314e+17,0.0,2641538341799755.0,126533318111086.16,0.0,1.2042723616051178e+16,0.0,0.0,0.9902545199102595,mixed,0.0,90
321.0,1.0274071888554995e+17,0.0,2638024692511057.0,133873975703405.67,0.0,1.202156375196171e+16,0.0,0.0,0.9901516339854886,mixed,0.0,90
322.0,1.0284322598920602e+17,0.0,2709115933772485.0,141766729503252.44,0.0,1.2057360486884306e+16,0.0,0.0,0.9900938901956822,mixed,0.0,90
323.0,1.0283752827464714e+17,0.0,2744152878479589.0,142674023306499.7,0.0,1.2090144403180256e+16,0.0,0.0,0.9902017575973326,mixed,0.0,90
324.0,1.0292241715339926e+17,0.0,2631914899184968.0,141452882833198.88,0.0,1.2063433813319766e+16,0.0,0.0,0.9901097796708445,mixed,0.0,90
325.0,1.0299836919005478e+17,0.0,2702244902765472.5,140034615860464.31,0.0,1.2143230435000846e+16,0.0,0.0,0.9900864390753673,mixed,0.0,90
326.0,1.0304602076598216e+17,0.0,2698180019227069.5,142401337217541.47,0.0,1.2149675341577058e+16,0.0,0.0,0.9901056283990144,mixed,0.0,90
327.0,1.0303838266389854e+17,0.0,2663999861462290.0,132906476898861.55,0.0,1.2189874672938962e+16,0.0,0.0,0.9900704561174769,mixed,0.0,90
328.0,1.031485668577592e+17,0.0,2637559723324577.0,140763543242361.56,0.0,1.2182106761888756e+16,0.0,0.0,0.9900789102707955,mixed,0.0,90
329.0,1.0311793332947635e+17,0.0,2663511411953968.0,145102961390725.38,0.0,1.2141902464562944e+16,0.0,0.0,0.9901167511237223,mixed,0.0,90
330.0,1.0318005542389938e+17,0.0,2695245662614418.5,130541643355133.92,0.0,1.2163490532404086e+16,0.0,0.0,0.9900623036352661,mixed,0.0,90
331.0,1.0322762698895074e+17,0.0,2733215193085767.5,131523259633549.58,0.0,1.2229245210624586e+16,0.0,0.0,0.9900631378262669,mixed,0.0,90
332.0,1.032980306882758e+17,0.0,2704731646591892.5,135582871829781.8,0.0,1.2165411880949058e+16,0.0,0.0,0.9900490602809832,mixed,0.0,90
333.0,1.0335809753662654e+17,0.0,2743675723287687.0,124321591206220.62,0.0,1.2280106608588352e+16,0.0,0.0,0.9900234207707727,mixed,0.0,90
334.0,1.0346212252444083e+17,0.0,2780136003740230.5,155461399151882.9,0.0,1.2263701911499056e+16,0.0,0.0,0.9899763435050003,mixed,0.0,90
335.0,1.0348780925479275e+17,0.0,2710658359399133.0,139521344294681.94,0.0,1.2229077851959132e+16,0.0,0.0,0.9900005719022782,mixed,0.0,90
336.0,1.0354810123942682e+17,0.0,2750469939734005.0,148229213165617.56,0.0,1.2171081105351102e+16,0.0,0.0,0.9900229577393518,mixed,0.0,90
337.0,1.0352860439938162e+17,0.0,2758861456509369.0,137375916407461.06,0.0,1.229490618543316e+16,0.0,0.0,0.9900888554293596,mixed,0.0,90
338.0,1.0358823385389232e+17,0.0,2818188783206737.0,139165235618184.6,0.0,1.2278772038672348e+16,0.0,0.0,0.9900028184856318,mixed,0.0,90
339.0,1.0364542518872814e+17,0.0,2809783751543707.0,140057683895705.3,0.0,1.228141600999706e+16,0.0,0.0,0.9899703767228417,mixed,0.0,90
340.0,1.0371217536169589e+17,0.0,2793843085583188.0,132150466109227.94,0.0,1.2307958171381194e+16,0.0,0.0,0.9900238072158265,mixed,0.0,90
341.0,1.037525549254525e+17,0.0,2792543535880809.0,141503534824584.97,0.0,1.2295902064886928e+16,0.0,0.0,0.9899707780945546,mixed,0.0,90
342.0,1.0383678012317656e+17,0.0,2835044992820634.0,142530137583842.94,0.0,1.2345800063538546e+16,0.0,0.0,0.9900152961317021,mixed,0.0,90
343.0,1.0383120625300718e+17,0.0,2793293705629803.0,137719864442146.2,0.0,1.2229434097813882e+16,0.0,0.0,0.9899863111294266,mixed,0.0,90
344.0,1.0383516921593237e+17,0.0,2781165248750329.5,151809404231344.44,0.0,1.2312437088370104e+16,0.0,0.0,0.9899769652293641,mixed,0.0,90
345.0,1.039261069079537e+17,0.0,2855357356999988.5,151907363128243.0,0.0,1.231573883145072e+16,0.0,0.0,0.9899528219595856,mixed,0.0,90
346.0,1.039516488835724e+17,0.0,2891681082757655.0,153759204766650.78,0.0,1.2332492847379732e+16,0.0,0.0,0.9899172539420454,mixed,0.0,90
347.0,1.0398168153512907e+17,0.0,2853078670476636.5,154197065869784.12,0.0,1.2332738709289326e+16,0.0,0.0,0.989942845743712,mixed,0.0,90
348.0,1.0404526751595374e+17,0.0,2868972256670620.5,145394740096928.06,0.0,1.2393221104101468e+16,0.0,0.0,0.9899288312201548,mixed,0.0,90
349.0,1.0405832486090835e+17,0.0,2864540988019300.5,135167562276762.98,0.0,1.2370642909715572e+16,0.0,0.0,0.9899248659221241,mixed,0.0,90
350.0,1.0412628063357262e+17,0.0,2857696775766899.0,161196637572198.44,0.0,1.2418525732964004e+16,0.0,0.0,0.9898867112050422,mixed,0.0,90
351.0,1.046038096504875e+17,0.0,2840544793017581.0,138523261678386.25,0.0,1.2105180128852942e+16,0.0,0.0,0.9897993841441826,mixed,0.0,91
352.0,1.0467868246010826e+17,0.0,2918405384520551.0,155291518049361.62,0.0,1.2224917374221208e+16,0.0,0.0,0.9899069844675412,mixed,0.0,91
353.0,1.0467646153860042e+17,0.0,2876398767884260.5,146148461990296.6,0.0,1.214316110168994e+16,0.0,0.0,0.9898250707024933,mixed,0.0,91
354.0,1.0504942814156581e+17,0.0,2902771885670336.0,145867969719553.9,0.0,1.2106338302283542e+16,0.0,0.0,0.9897361220139032,mixed,0.0,92
355.0,1.0473986618808021e+17,0.0,2876054900101545.0,149378762279965.0,0.0,1.219526519140254e+16,0.0,0.0,0.989883135668014,mixed,0.0,91
356.0,1.0509821401807477e+17,0.0,2969385874932840.0,147724306176179.38,0.0,1.2116464310351788e+16,0.0,0.0,0.9896053425410762,mixed,0.0,92
357.0,1.0480412773080206e+17,0.0,2910396028084747.5,149435244791244.47,0.0,1.2176603765424116e+16,0.0,0.0,0.9898282106577132,mixed,0.0,91
358.0,1.0515408701609262e+17,0.0,2878055844256346.5,146742906845964.25,0.0,1.2063979192868476e+16,0.0,0.0,0.9896434143539067,mixed,0.0,92
359.0,1.0517715951212592e+17,0.0,2897717558714152.5,156239682427039.9,0.0,1.2191459948713296e+16,0.0,0.0,0.9896071273393702,mixed,0.0,92
360.0,1.0519972517731725e+17,0.0,2993318655984694.0,153673161856994.84,0.0,1.2191369119240712e+16,0.0,0.0,0.989617304170022,mixed,0.0,92
