Time,O3,NO,NO2,NO3,N2O4,N2O5,HONO,HONO2,R2,Plasma_Type,Humidity_Weight
0.0,8575871748822.89,0.0,118688710523774.6,26417718455583.297,0.0,0.0,0.0,0.0,-0.0903593064611663,O3_dominant,0.0
1.0,311769928415228.25,0.0,122838933774434.39,20064472931263.08,0.0,27184812588272.805,0.0,0.0,0.9917526073755042,O3_dominant,0.0
2.0,968773493845798.0,0.0,127169410394408.89,18784035230055.695,0.0,112755242736031.14,0.0,0.0,0.9987803097957928,O3_dominant,0.0
3.0,1609586205204510.2,0.0,119904506647676.11,14363235608115.861,0.0,181417613307817.47,0.0,0.0,0.9992810594872492,O3_dominant,0.0
4.0,2073966966435832.2,0.0,115434856197857.8,12075631826725.943,0.0,255736470915792.25,0.0,0.0,0.9994003041851577,O3_dominant,0.0
5.0,2548334349686943.5,0.0,94442952318752.61,6998663766918.842,0.0,299262006423617.5,0.0,0.0,0.9994718261438007,O3_dominant,0.0
6.0,3040433089213798.5,0.0,125178285438852.1,12299993832084.72,0.0,362581052377731.2,0.0,0.0,0.9994754639479535,O3_dominant,0.0
7.0,3601757491158947.0,0.0,130872407939738.72,6408176272511.654,0.0,407131019072718.9,0.0,0.0,0.9995026562160139,O3_dominant,0.0
8.0,4129741858161676.5,0.0,100769903492850.72,10247271760441.582,0.0,464922417471026.4,0.0,0.0,0.9995148884249324,O3_dominant,0.0
9.0,4598704896510441.0,0.0,111858134783620.66,8144510265976.839,0.0,504713206842149.3,0.0,0.0,0.9995456824197324,O3_dominant,0.0
10.0,5037693884124413.0,0.0,136037133319092.73,6730399875967.445,0.0,539110462850955.8,0.0,0.0,0.9995409216514582,O3_dominant,0.0
11.0,5504618194040075.0,0.0,143959287510607.0,4607755672546.672,0.0,588678036526447.8,0.0,0.0,0.9995523485451896,O3_dominant,0.0
12.0,5905655147313245.0,0.0,121900055284036.56,1908304179998.138,0.0,606843149381704.6,0.0,0.0,0.9995601831947394,O3_dominant,0.0
13.0,6279702182954948.0,0.0,143594428025116.12,4644340299659.5205,0.0,650348904420538.6,0.0,0.0,0.9995581572222993,O3_dominant,0.0
14.0,6613958075970999.0,0.0,208337872299436.16,9999015611103.586,0.0,676525286018780.0,0.0,0.0,0.9995632481487983,O3_dominant,0.0
15.0,6890601258263003.0,0.0,147658955031604.6,4981523537988.08,0.0,674575240696434.6,0.0,0.0,0.9995716648831683,O3_dominant,0.0
16.0,7143338581856481.0,0.0,182329156139976.53,4908375978142.98,0.0,704871201707793.0,0.0,0.0,0.999557001551783,O3_dominant,0.0
17.0,7366349150847800.0,0.0,186718969973294.06,9539435332045.133,0.0,711093428192401.0,0.0,0.0,0.9995616642034064,O3_dominant,0.0
18.0,7588739261434559.0,0.0,127301686309188.39,6804253937778.495,0.0,734466749604420.8,0.0,0.0,0.9995728543815997,O3_dominant,0.0
19.0,7814738231567395.0,0.0,180174886089398.8,6236926746959.8,0.0,751001349709783.5,0.0,0.0,0.9995665595371602,O3_dominant,0.0
20.0,8028918064526002.0,0.0,203768814978069.88,8222605145779.155,0.0,736914831335413.5,0.0,0.0,0.9995708857971172,O3_dominant,0.0
21.0,8231819056949602.0,0.0,172437304103359.88,3291683195831.525,0.0,757580943216690.5,0.0,0.0,0.9995744125342642,O3_dominant,0.0
22.0,8406727794208543.0,0.0,236288189659638.3,9169969352031.062,0.0,784218047049013.8,0.0,0.0,0.9995822613104962,O3_dominant,0.0
23.0,8579781293154298.0,0.0,217214880240429.88,17409851574778.096,0.0,777478763789854.4,0.0,0.0,0.9995643713783385,O3_dominant,0.0
24.0,8766788849505173.0,0.0,213269664291855.28,10599928649080.258,0.0,807435354466173.0,0.0,0.0,0.9995758120813054,O3_dominant,0.0
25.0,8940066753023247.0,0.0,287824012822222.9,12684338518468.137,0.0,800576967623025.2,0.0,0.0,0.9995807947546602,O3_dominant,0.0
26.0,9133232211581366.0,0.0,211923098020986.22,8673602588730.294,0.0,803666616335648.0,0.0,0.0,0.9995728719487356,O3_dominant,0.0
27.0,9313613280300806.0,0.0,234624354196474.03,8850042416057.361,0.0,822286842741415.1,0.0,0.0,0.999573863109387,O3_dominant,0.0
28.0,9461341871130152.0,0.0,235808380565437.22,10360667256039.6,0.0,817669494583491.5,0.0,0.0,0.9995753764831147,O3_dominant,0.0
29.0,9610226754001052.0,0.0,286851483217884.1,13571563321212.455,0.0,825822569866298.5,0.0,0.0,0.9995818166555891,O3_dominant,0.0
30.0,9779164475248044.0,0.0,257933383992546.8,22182567856855.67,0.0,829985385343611.2,0.0,0.0,0.9995818747801701,O3_dominant,0.0
31.0,9950523277808672.0,0.0,248761599792405.12,19991719345758.645,0.0,853704683544309.5,0.0,0.0,0.9995811578508019,O3_dominant,0.0
32.0,1.0114940156524382e+16,0.0,255988323182850.38,16117914398691.414,0.0,861760087355096.6,0.0,0.0,0.9995708015505953,O3_dominant,0.0
33.0,1.029813554776359e+16,0.0,234054889764400.25,13655475229434.578,0.0,867151039115549.9,0.0,0.0,0.9995771548159271,O3_dominant,0.0
34.0,1.0492199653746846e+16,0.0,278477925134855.84,11537732988355.71,0.0,883818225536691.1,0.0,0.0,0.9995779783107074,O3_dominant,0.0
35.0,1.0665078881536364e+16,0.0,283603221597437.94,16505795708133.668,0.0,908813935685026.5,0.0,0.0,0.9995850318160214,O3_dominant,0.0
36.0,1.0828989920841704e+16,0.0,318214727321392.4,15846151664396.916,0.0,919475475410664.8,0.0,0.0,0.999575391132997,O3_dominant,0.0
37.0,1.097854078358375e+16,0.0,258863445416723.7,11303714040961.361,0.0,910835266100679.2,0.0,0.0,0.9995792007179354,O3_dominant,0.0
38.0,1.1125535315080472e+16,0.0,258158561338447.34,8171556277332.812,0.0,911819272286099.2,0.0,0.0,0.9995834073078211,O3_dominant,0.0
39.0,1.1270697475358926e+16,0.0,257238765594254.2,15983678373500.42,0.0,927416108297209.4,0.0,0.0,0.9995713329818702,O3_dominant,0.0
40.0,1.1427887289981528e+16,0.0,272898846719909.0,18250534839677.918,0.0,934536510772332.4,0.0,0.0,0.9995760471634563,O3_dominant,0.0
41.0,1.1571802637723374e+16,0.0,243056751833943.94,11723700747972.357,0.0,919654303399105.6,0.0,0.0,0.9995751519057194,O3_dominant,0.0
42.0,1.1725658128821254e+16,0.0,302741934275972.25,20013831175910.777,0.0,950399288000423.2,0.0,0.0,0.9995831527834926,O3_dominant,0.0
43.0,1.1859636416980428e+16,0.0,276153553074659.5,15467333281937.002,0.0,943031021525091.6,0.0,0.0,0.9995792573340907,O3_dominant,0.0
44.0,1.198884590156636e+16,0.0,248963151124402.34,16849675814232.0,0.0,944554208474275.4,0.0,0.0,0.9995816889418342,O3_dominant,0.0
45.0,1.2145525980730756e+16,0.0,295217770641216.25,13535402566304.67,0.0,956932276438912.8,0.0,0.0,0.9995797191175062,O3_dominant,0.0
46.0,1.230272149904789e+16,0.0,278046402175089.62,12854083426811.924,0.0,966590088518146.6,0.0,0.0,0.9995760972444002,O3_dominant,0.0
47.0,1.2440930845588782e+16,0.0,312321082568079.5,14450366634427.799,0.0,989265774433193.4,0.0,0.0,0.9995709171581376,O3_dominant,0.0
48.0,1.257387287268074e+16,0.0,303015245714386.25,18235216949900.035,0.0,966507011546419.1,0.0,0.0,0.99957151617684,O3_dominant,0.0
49.0,1.2740897131599736e+16,0.0,302699476693669.7,15718831237855.197,0.0,989904365648469.9,0.0,0.0,0.9995760181099422,O3_dominant,0.0
50.0,1.2919852680748658e+16,0.0,301099755122284.0,18144478422705.42,0.0,1002372624690036.0,0.0,0.0,0.9995689218005186,O3_dominant,0.0
51.0,1.3063075771332152e+16,0.0,306310118055797.75,16779078817929.486,0.0,1019782492051937.9,0.0,0.0,0.9995730060432896,O3_dominant,0.0
52.0,1.3179012254172472e+16,0.0,275847832665011.0,10243303510086.693,0.0,998249158986017.9,0.0,0.0,0.9995699903823765,O3_dominant,0.0
53.0,1.3302074897035846e+16,0.0,293359728133916.06,20728674777960.27,0.0,1010093111294155.5,0.0,0.0,0.9995729024442305,O3_dominant,0.0
54.0,1.341586524889181e+16,0.0,289670504142948.6,14489397433417.898,0.0,1016967171982435.6,0.0,0.0,0.9995684409710751,O3_dominant,0.0
55.0,1.3575438102183268e+16,0.0,296112601199134.1,18244657270550.324,0.0,1023319127423090.6,0.0,0.0,0.9995696494626438,O3_dominant,0.0
56.0,1.3714775891115852e+16,0.0,315920560832645.75,12041115763108.506,0.0,1047092495161210.4,0.0,0.0,0.9995674786386327,O3_dominant,0.0
57.0,1.3830390273746028e+16,0.0,291896030129811.1,11180195828650.32,0.0,1044709962264156.5,0.0,0.0,0.9995695447661206,O3_dominant,0.0
58.0,1.3942843604654102e+16,0.0,298214066200082.9,12362873392234.232,0.0,1030480012609568.5,0.0,0.0,0.9995659371288389,O3_dominant,0.0
59.0,1.4042441136028206e+16,0.0,301380050649173.8,16983289355825.955,0.0,1049134799984826.1,0.0,0.0,0.9995629738787246,O3_dominant,0.0
60.0,1.4119842065037e+16,0.0,351192414403602.9,18856883209238.44,0.0,1053410194162480.5,0.0,0.0,0.9995687715710248,O3_dominant,0.0
61.0,1.4199010025834812e+16,0.0,317482902588919.9,15351958738541.768,0.0,1060101419339824.8,0.0,0.0,0.9995697829361724,O3_dominant,0.0
62.0,1.4267376006248556e+16,0.0,310816246506575.25,22000734754432.586,0.0,1044534793387881.1,0.0,0.0,0.9995614610167617,O3_dominant,0.0
63.0,1.4346734405423168e+16,0.0,311659963389208.2,25381064908608.914,0.0,1054533362115532.5,0.0,0.0,0.9995643482867604,O3_dominant,0.0
64.0,1.4443760801817506e+16,0.0,284190481245908.06,11360432565500.639,0.0,1066122191518915.5,0.0,0.0,0.9995610120145864,O3_dominant,0.0
65.0,1.455949434979642e+16,0.0,290164931071148.5,11210524264122.73,0.0,1056836016028703.1,0.0,0.0,0.999558282100708,O3_dominant,0.0
66.0,1.4657346689676228e+16,0.0,286048582732599.6,14492531355085.969,0.0,1077722449417409.6,0.0,0.0,0.9995601688539062,O3_dominant,0.0
67.0,1.4754446123957546e+16,0.0,287271146830636.25,13013014125689.234,0.0,1083593313953748.5,0.0,0.0,0.9995617252880779,O3_dominant,0.0
68.0,1.4854980507318678e+16,0.0,290617933746062.44,16990214169478.816,0.0,1083537147203779.8,0.0,0.0,0.9995627169918174,O3_dominant,0.0
69.0,1.4930726559501754e+16,0.0,285802505950812.25,9086399434423.65,0.0,1073444334023044.5,0.0,0.0,0.9995547734099475,O3_dominant,0.0
70.0,1.5001749146123058e+16,0.0,312561869241631.25,22909812800628.34,0.0,1076957137540000.5,0.0,0.0,0.9995527053846786,O3_dominant,0.0
71.0,1.509015060677396e+16,0.0,257542255051554.88,8620717841044.957,0.0,1074403232515745.9,0.0,0.0,0.9995577045030501,O3_dominant,0.0
72.0,1.518818612817021e+16,0.0,308265798559189.25,21808210941596.47,0.0,1089828867130581.5,0.0,0.0,0.9995556115444466,O3_dominant,0.0
73.0,1.5261349680059886e+16,0.0,322664673443263.2,23328271427838.44,0.0,1087365285928429.9,0.0,0.0,0.9995500124401151,O3_dominant,0.0
74.0,1.5302265733406898e+16,0.0,338948094314732.9,19809775049313.23,0.0,1076590347787385.2,0.0,0.0,0.9995556545313663,O3_dominant,0.0
75.0,1.5358157387688372e+16,0.0,319766078817270.3,27156087616359.066,0.0,1087679647209586.4,0.0,0.0,0.9995561772398918,O3_dominant,0.0
76.0,1.5403211585826348e+16,0.0,350956940437612.1,22162694094145.38,0.0,1112062996957835.1,0.0,0.0,0.9995499878989006,O3_dominant,0.0
77.0,1.5454790615483976e+16,0.0,335880905714713.7,15211528140566.742,0.0,1073877969244108.0,0.0,0.0,0.9995476298977872,O3_dominant,0.0
78.0,1.5530653857246762e+16,0.0,253335311704150.25,16026133855776.307,0.0,1085288668290031.5,0.0,0.0,0.9995483116855777,O3_dominant,0.0
79.0,1.5599554596894726e+16,0.0,352904822912921.56,20723077258108.938,0.0,1098751076997241.4,0.0,0.0,0.999547433341055,O3_dominant,0.0
80.0,1.5652083523496526e+16,0.0,347000855771165.1,18482202399954.51,0.0,1105768502853725.5,0.0,0.0,0.9995451043422665,O3_dominant,0.0
81.0,1.5703931521631922e+16,0.0,335872598226512.3,15348176220769.57,0.0,1092142296698576.4,0.0,0.0,0.9995406259854921,O3_dominant,0.0
82.0,1.5756409544379928e+16,0.0,284212641178810.4,12308388898713.906,0.0,1090677211053957.0,0.0,0.0,0.9995490809931615,O3_dominant,0.0
83.0,1.5824067439289286e+16,0.0,289626815868972.3,14459128876944.688,0.0,1096901996243897.0,0.0,0.0,0.9995424621711955,O3_dominant,0.0
84.0,1.5906119762563782e+16,0.0,264180805603559.12,15885348179635.105,0.0,1095264554559054.0,0.0,0.0,0.9995403972728498,O3_dominant,0.0
85.0,1.5976357639456494e+16,0.0,377898090380738.44,24416837140696.168,0.0,1127267695700731.2,0.0,0.0,0.9995359953728046,O3_dominant,0.0
86.0,1.6025898730509364e+16,0.0,345563165952710.4,17648422253338.586,0.0,1123396610848502.5,0.0,0.0,0.9995377874833186,O3_dominant,0.0
87.0,1.607824754101752e+16,0.0,308270418008595.6,18853895509245.902,0.0,1128927967889113.8,0.0,0.0,0.9995362880490697,O3_dominant,0.0
88.0,1.612994029488574e+16,0.0,316459870705809.5,17819176958649.367,0.0,1114267257040667.2,0.0,0.0,0.9995414652507832,O3_dominant,0.0
89.0,1.6174565135189068e+16,0.0,279203490320526.3,15551670904941.852,0.0,1101424339690544.1,0.0,0.0,0.9995335587742933,O3_dominant,0.0
90.0,1.622010273222578e+16,0.0,333027874951548.94,12836512757552.713,0.0,1115611528335360.1,0.0,0.0,0.9995432825961632,O3_dominant,0.0
91.0,1.6252736620155908e+16,0.0,304620572914555.94,12084521566188.152,0.0,1115416680297377.5,0.0,0.0,0.999530254679636,O3_dominant,0.0
92.0,1.6294333678330972e+16,0.0,356353582080386.7,22929960165807.113,0.0,1121633861130054.1,0.0,0.0,0.9995351532696364,O3_dominant,0.0
93.0,1.6322602257416192e+16,0.0,313615392529515.5,17414075307308.799,0.0,1137690057975862.5,0.0,0.0,0.9995370481985494,O3_dominant,0.0
94.0,1.6349395042107398e+16,0.0,317137366030952.7,21101059811356.062,0.0,1108548756021464.8,0.0,0.0,0.9995368127379811,O3_dominant,0.0
95.0,1.637648410335921e+16,0.0,335180369389928.1,13511267557384.781,0.0,1117831486878639.5,0.0,0.0,0.9995355311342746,O3_dominant,0.0
96.0,1.64139860243127e+16,0.0,342910211946771.56,18890305735451.6,0.0,1119716581700655.0,0.0,0.0,0.9995325577909147,O3_dominant,0.0
97.0,1.643751971869637e+16,0.0,361581654046949.44,22294728538050.88,0.0,1141204158107001.0,0.0,0.0,0.9995314770930616,O3_dominant,0.0
98.0,1.6448708399611816e+16,0.0,287438266874653.0,15511505300819.047,0.0,1114675336542639.5,0.0,0.0,0.9995392769773925,O3_dominant,0.0
99.0,1.6480179865422816e+16,0.0,357126542423025.7,22979737505128.348,0.0,1153478795590023.0,0.0,0.0,0.9995292288097773,O3_dominant,0.0
100.0,1.6521731404152708e+16,0.0,364494183478360.06,26332916271299.285,0.0,1118915238850418.8,0.0,0.0,0.9995291897696562,O3_dominant,0.0
101.0,1.6542373636634978e+16,0.0,310180315720729.94,18481421683052.816,0.0,1121151417564115.2,0.0,0.0,0.9995287547016082,O3_dominant,0.0
102.0,1.6590071856479918e+16,0.0,429107229379557.5,30931335897998.777,0.0,1128369815206450.5,0.0,0.0,0.9995259686901277,O3_dominant,0.0
103.0,1.6623411617731998e+16,0.0,351855517716365.4,18164073340284.867,0.0,1144102554355698.8,0.0,0.0,0.9995361468214844,O3_dominant,0.0
104.0,1.663931208611185e+16,0.0,332649546362803.56,27391097399310.22,0.0,1126973652625504.5,0.0,0.0,0.999535513693033,O3_dominant,0.0
105.0,1.6668298771854016e+16,0.0,367629798270492.44,26165470090649.656,0.0,1163733249162857.2,0.0,0.0,0.9995303541929549,O3_dominant,0.0
106.0,1.6678606843734296e+16,0.0,324781319782202.4,17631443348877.785,0.0,1120342907441334.8,0.0,0.0,0.9995342796809171,O3_dominant,0.0
107.0,1.67073283445048e+16,0.0,376434154971040.0,21893945571196.387,0.0,1150718339267285.8,0.0,0.0,0.9995292545685687,O3_dominant,0.0
108.0,1.6717505700350094e+16,0.0,375961039104232.75,18100881511186.86,0.0,1145891443278580.5,0.0,0.0,0.999522193576013,O3_dominant,0.0
109.0,1.6724136340552512e+16,0.0,376756346165857.9,22022452675672.355,0.0,1124448744566892.0,0.0,0.0,0.9995283638344594,O3_dominant,0.0
110.0,1.673822943207289e+16,0.0,358578018951370.9,14954920394879.682,0.0,1119165577478236.1,0.0,0.0,0.999523431863103,O3_dominant,0.0
111.0,1.6760108632401178e+16,0.0,303495227307463.94,17390647731033.621,0.0,1137405722428608.2,0.0,0.0,0.9995228167733119,O3_dominant,0.0
112.0,1.6785104765747994e+16,0.0,361524399129034.7,17729109402928.04,0.0,1149502539649986.5,0.0,0.0,0.999529201200539,O3_dominant,0.0
113.0,1.6808859654583764e+16,0.0,409581135469072.4,19943607656341.01,0.0,1135457366839728.8,0.0,0.0,0.9995256589228443,O3_dominant,0.0
114.0,1.6797428055776792e+16,0.0,420169351957342.9,22511509802197.484,0.0,1123081464675181.1,0.0,0.0,0.9995288964780701,O3_dominant,0.0
115.0,1.678362752570169e+16,0.0,298505869562156.3,18562473522975.062,0.0,1114869733480193.6,0.0,0.0,0.9995308388788136,O3_dominant,0.0
116.0,1.6805499611907646e+16,0.0,375543786686567.8,21524122460124.25,0.0,1137905381521854.8,0.0,0.0,0.9995284247209669,O3_dominant,0.0
117.0,1.6807857754697542e+16,0.0,329078910567102.06,16293137621436.398,0.0,1129622047045592.0,0.0,0.0,0.9995313631958479,O3_dominant,0.0
118.0,1.684469973380961e+16,0.0,448760878013051.94,33811313419624.387,0.0,1145691343886042.5,0.0,0.0,0.9995210350304761,O3_dominant,0.0
119.0,1.6832746600575436e+16,0.0,293043944844590.0,14383964585412.064,0.0,1130818445107578.2,0.0,0.0,0.9995279183032793,O3_dominant,0.0
120.0,1.683829174272704e+16,0.0,361429899296736.4,22808400277825.72,0.0,1119697320665495.4,0.0,0.0,0.9995254157599861,O3_dominant,0.0
121.0,1.686185942855644e+16,0.0,379087510827317.0,27746376259934.367,0.0,1128189266368006.2,0.0,0.0,0.9995270971400361,O3_dominant,0.0
122.0,1.6859880558499678e+16,0.0,304941580147174.25,18275014033827.96,0.0,1120025440773545.6,0.0,0.0,0.9995267299253475,O3_dominant,0.0
123.0,1.687059430048607e+16,0.0,393088588166108.25,19881414042283.367,0.0,1135304056049954.2,0.0,0.0,0.9995211306461325,O3_dominant,0.0
124.0,1.6848091196996628e+16,0.0,335373154374368.0,18527555638318.156,0.0,1133966504344382.2,0.0,0.0,0.9995354272110522,O3_dominant,0.0
125.0,1.6853339639078498e+16,0.0,333946501608494.2,15845516346648.436,0.0,1138091391301830.8,0.0,0.0,0.999523769563074,O3_dominant,0.0
126.0,1.6864225747910142e+16,0.0,365959400635134.5,25308767418908.637,0.0,1116283719745488.2,0.0,0.0,0.9995292145065581,O3_dominant,0.0
127.0,1.686920088143256e+16,0.0,366959269150811.5,23373517137807.277,0.0,1123711732908258.2,0.0,0.0,0.9995256895956786,O3_dominant,0.0
128.0,1.688663131216406e+16,0.0,413267153429291.6,24114192079044.867,0.0,1116935823436145.0,0.0,0.0,0.9995223842525898,O3_dominant,0.0
129.0,1.6867902040567972e+16,0.0,392550921490831.56,23447795743951.28,0.0,1126389055847660.8,0.0,0.0,0.9995249757894444,O3_dominant,0.0
130.0,1.6876737173468916e+16,0.0,387281167809787.6,23740310231758.695,0.0,1120782699259361.8,0.0,0.0,0.9995244810950464,O3_dominant,0.0
131.0,1.6872111015475462e+16,0.0,352414484945319.9,26071499954739.53,0.0,1124609116502144.0,0.0,0.0,0.9995246861030493,O3_dominant,0.0
132.0,1.6870615668477272e+16,0.0,342799047470896.94,14560434637256.338,0.0,1124964974332750.6,0.0,0.0,0.9995291253862756,O3_dominant,0.0
133.0,1.689121831249654e+16,0.0,321897462102596.2,25878991986368.914,0.0,1100914664677208.8,0.0,0.0,0.9995250493465273,O3_dominant,0.0
134.0,1.689285374816213e+16,0.0,333329081280199.75,23842616766453.91,0.0,1125972233743191.2,0.0,0.0,0.9995212423781289,O3_dominant,0.0
135.0,1.6913629512263204e+16,0.0,361338969907602.8,23374912390098.88,0.0,1125108050473248.8,0.0,0.0,0.9995243851952985,O3_dominant,0.0
136.0,1.6932116024785314e+16,0.0,377797704024315.2,19418781256321.676,0.0,1147465376431827.2,0.0,0.0,0.9995274385861275,O3_dominant,0.0
137.0,1.695386502967719e+16,0.0,456989990107874.25,29712897150362.24,0.0,1144193966999451.2,0.0,0.0,0.9995219805048865,O3_dominant,0.0
138.0,1.6931111056223084e+16,0.0,337452997458699.3,22113134890179.816,0.0,1148169442448941.8,0.0,0.0,0.9995226557519769,O3_dominant,0.0
139.0,1.695408931755079e+16,0.0,366403107336878.25,29886905626161.56,0.0,1120165939867572.9,0.0,0.0,0.999523115089623,O3_dominant,0.0
140.0,1.6947905499740294e+16,0.0,312218049438354.8,18315088619582.07,0.0,1124011499273574.6,0.0,0.0,0.9995187941638475,O3_dominant,0.0
141.0,1.6952829372831928e+16,0.0,297152444583946.8,12075230582891.092,0.0,1148913641346173.5,0.0,0.0,0.9995234867450343,O3_dominant,0.0
142.0,1.6968246582882998e+16,0.0,370406411512072.0,25363755855275.008,0.0,1125071405090604.8,0.0,0.0,0.9995269725152428,O3_dominant,0.0
143.0,1.6964558875357558e+16,0.0,375056313283100.06,25255187712446.844,0.0,1127113930934987.8,0.0,0.0,0.9995213348787834,O3_dominant,0.0
144.0,1.6972541311707556e+16,0.0,330066880150883.5,24217188974250.223,0.0,1140522230646130.0,0.0,0.0,0.9995163310653671,O3_dominant,0.0
145.0,1.698060865371196e+16,0.0,362071344480653.6,20939730634234.234,0.0,1135482631706169.8,0.0,0.0,0.9995191629478066,O3_dominant,0.0
146.0,1.697827431766808e+16,0.0,287575948972806.56,9585407579497.209,0.0,1127505701484532.8,0.0,0.0,0.9995195134128213,O3_dominant,0.0
147.0,1.6987790545568784e+16,0.0,358292325893414.8,21854175492088.145,0.0,1128220980030409.5,0.0,0.0,0.9995186078895627,O3_dominant,0.0
148.0,1.6969246196998362e+16,0.0,286274572127867.56,18743041822506.14,0.0,1137651389615432.0,0.0,0.0,0.9995221237179615,O3_dominant,0.0
149.0,1.698662567418559e+16,0.0,360288991676488.5,23454917277527.414,0.0,1143970230060115.5,0.0,0.0,0.9995157471521318,O3_dominant,0.0
150.0,1.6977987983964892e+16,0.0,355875391859528.94,21280242144953.45,0.0,1139576388593050.0,0.0,0.0,0.9995261039972726,O3_dominant,0.0
151.0,1.698483660152286e+16,0.0,381192342233296.4,22489859611017.992,0.0,1120162963552960.2,0.0,0.0,0.9995229640844449,O3_dominant,0.0
152.0,1.697876483034864e+16,0.0,358809716493222.56,25864231274668.504,0.0,1148480640266259.0,0.0,0.0,0.9995242772487256,O3_dominant,0.0
153.0,1.698057969228614e+16,0.0,347444472131520.0,19943321581583.97,0.0,1134404331602178.0,0.0,0.0,0.9995244685580927,O3_dominant,0.0
154.0,1.6989173250565692e+16,0.0,369530066106463.8,22953447789529.07,0.0,1128660358323256.5,0.0,0.0,0.9995192505248286,O3_dominant,0.0
155.0,1.6976087716910296e+16,0.0,360395490689280.06,24560094070476.035,0.0,1130318026840773.2,0.0,0.0,0.9995204511749424,O3_dominant,0.0
156.0,1.6962324094929416e+16,0.0,410121944814415.6,28582203599715.27,0.0,1156588790996684.5,0.0,0.0,0.9995223688942962,O3_dominant,0.0
157.0,1.6949444309500768e+16,0.0,381537637290007.1,23698831453478.22,0.0,1143067728824855.2,0.0,0.0,0.9995209449466732,O3_dominant,0.0
158.0,1.6939861814291812e+16,0.0,392504817632422.0,26096169395521.977,0.0,1134281309460545.8,0.0,0.0,0.9995237005436323,O3_dominant,0.0
159.0,1.6927785608124266e+16,0.0,292472788529437.7,14983877942471.727,0.0,1144166758855355.2,0.0,0.0,0.999521324688342,O3_dominant,0.0
160.0,1.6922388148655338e+16,0.0,338354665600212.2,22119657563185.13,0.0,1143089759815319.8,0.0,0.0,0.9995196765840223,O3_dominant,0.0
161.0,1.6913376437624176e+16,0.0,392316880668825.25,31909445695770.43,0.0,1127730284076059.2,0.0,0.0,0.9995214376615126,O3_dominant,0.0
162.0,1.6893324227668712e+16,0.0,349994598323618.8,20894170375163.84,0.0,1126838526199624.8,0.0,0.0,0.9995300270498649,O3_dominant,0.0
163.0,1.6879564119698922e+16,0.0,322260847760693.75,23825836093900.555,0.0,1145737447954991.2,0.0,0.0,0.9995296119786792,O3_dominant,0.0
164.0,1.6871080218223684e+16,0.0,314752862977401.5,20997690373375.75,0.0,1118803526623788.2,0.0,0.0,0.9995216129548702,O3_dominant,0.0
165.0,1.688115697852591e+16,0.0,310442935694932.5,17448848804233.928,0.0,1149743788157144.5,0.0,0.0,0.9995199119559625,O3_dominant,0.0
166.0,1.6884887002735136e+16,0.0,359008118947951.94,24037746816612.355,0.0,1135482873884372.0,0.0,0.0,0.9995261254854649,O3_dominant,0.0
167.0,1.6872472485489962e+16,0.0,345472421501700.44,24132862293286.816,0.0,1141438681011290.2,0.0,0.0,0.999518442035436,O3_dominant,0.0
168.0,1.685988293857213e+16,0.0,318882615132263.44,19278760553227.934,0.0,1130468597699862.2,0.0,0.0,0.9995187537940436,O3_dominant,0.0
169.0,1.6867727709787504e+16,0.0,378581720968131.25,25754672936573.496,0.0,1135343335245524.8,0.0,0.0,0.9995261703890183,O3_dominant,0.0
170.0,1.6859284065058306e+16,0.0,336094891824304.7,19932722135683.066,0.0,1132745211628679.2,0.0,0.0,0.999528956372623,O3_dominant,0.0
171.0,1.6843813205481684e+16,0.0,352437151339816.5,22225625252716.8,0.0,1144214741305746.5,0.0,0.0,0.99952223886199,O3_dominant,0.0
172.0,1.681420268873925e+16,0.0,293496904436640.9,20592619412589.906,0.0,1137400300361071.2,0.0,0.0,0.9995172918833302,O3_dominant,0.0
173.0,1.680519492923716e+16,0.0,328211900635274.3,20400314441844.516,0.0,1152225514282243.0,0.0,0.0,0.9995323156455775,O3_dominant,0.0
174.0,1.6803636836114326e+16,0.0,350967573107608.2,16157824799615.193,0.0,1140000766162777.8,0.0,0.0,0.9995239494989365,O3_dominant,0.0
175.0,1.680730207111708e+16,0.0,357658008111043.8,25486834143839.67,0.0,1139780881008357.5,0.0,0.0,0.9995235637726897,O3_dominant,0.0
176.0,1.6805226408086088e+16,0.0,455622035624927.56,28118617114616.918,0.0,1135933275905102.2,0.0,0.0,0.9995221750792477,O3_dominant,0.0
177.0,1.6785034894869986e+16,0.0,338452385468976.75,25393057820430.336,0.0,1126870921288520.0,0.0,0.0,0.9995243476283141,O3_dominant,0.0
178.0,1.6783605755868972e+16,0.0,338648053238077.0,26259339648990.035,0.0,1131030426522300.2,0.0,0.0,0.999529326437776,O3_dominant,0.0
179.0,1.6766293934717932e+16,0.0,330414893045135.8,17733563819849.703,0.0,1134281675107803.5,0.0,0.0,0.9995275455886475,O3_dominant,0.0
180.0,1.6762576940117416e+16,0.0,335203038507063.06,24616411941061.58,0.0,1153685228633381.0,0.0,0.0,0.9995265837375794,O3_dominant,0.0
181.0,1.674321461631233e+16,0.0,364360567929227.4,23518088320896.297,0.0,1146677914645518.0,0.0,0.0,0.9995266481856846,O3_dominant,0.0
182.0,1.6736324315288744e+16,0.0,334983588073936.6,18487589215338.594,0.0,1148813893905765.2,0.0,0.0,0.9995261119718712,O3_dominant,0.0
183.0,1.6723070225320334e+16,0.0,340748563206490.0,29602969813060.0,0.0,1141434522768202.5,0.0,0.0,0.999533885260557,O3_dominant,0.0
184.0,1.6703919377454892e+16,0.0,355821583545984.8,22038195686801.758,0.0,1133589980158855.8,0.0,0.0,0.9995261024711637,O3_dominant,0.0
185.0,1.6675830049083904e+16,0.0,330132212882482.4,19695839836656.848,0.0,1149761533864163.5,0.0,0.0,0.9995329676167022,O3_dominant,0.0
186.0,1.6658431867700964e+16,0.0,358494845669445.75,20374536015650.465,0.0,1144759443309115.2,0.0,0.0,0.9995280829232707,O3_dominant,0.0
187.0,1.6638932549946332e+16,0.0,382838351435225.2,22005686463660.816,0.0,1160976239653450.0,0.0,0.0,0.9995257925725013,O3_dominant,0.0
188.0,1.6613223746844662e+16,0.0,417672606818457.7,24990295177388.363,0.0,1122730950376492.2,0.0,0.0,0.9995287151217832,O3_dominant,0.0
189.0,1.6587332719993748e+16,0.0,341401852944877.94,14235224063519.514,0.0,1142639517475308.8,0.0,0.0,0.9995319343927482,O3_dominant,0.0
190.0,1.656249260665752e+16,0.0,373645965057724.1,37086774384198.42,0.0,1119950120200504.8,0.0,0.0,0.9995272812811862,O3_dominant,0.0
191.0,1.6539138229093468e+16,0.0,349017803552707.0,22701150726031.645,0.0,1140986768177039.0,0.0,0.0,0.9995325476119594,O3_dominant,0.0
192.0,1.6521526795987562e+16,0.0,464851673423496.1,26762032907276.95,0.0,1131199245507767.8,0.0,0.0,0.9995316410063343,O3_dominant,0.0
193.0,1.6496451135769092e+16,0.0,475844949772830.3,29788229226006.344,0.0,1142554689586324.2,0.0,0.0,0.9995284874091644,O3_dominant,0.0
194.0,1.6459930722020412e+16,0.0,363342747512159.56,21547325419671.91,0.0,1136404435616907.2,0.0,0.0,0.9995322535680137,O3_dominant,0.0
195.0,1.6427255204705684e+16,0.0,307996409452292.75,15906371672291.482,0.0,1139996726481093.5,0.0,0.0,0.9995338953641333,O3_dominant,0.0
196.0,1.6417491910002034e+16,0.0,402363263807411.06,32910223866672.72,0.0,1116912518732284.9,0.0,0.0,0.9995273967617537,O3_dominant,0.0
197.0,1.6394549222974702e+16,0.0,370963451141901.3,29526360715252.438,0.0,1134243295467564.5,0.0,0.0,0.999539209804124,O3_dominant,0.0
198.0,1.638417063278972e+16,0.0,359971131206645.25,22375559988766.723,0.0,1134356422118958.2,0.0,0.0,0.9995296235798329,O3_dominant,0.0
199.0,1.6374579525675798e+16,0.0,403767216206110.8,26614379961286.496,0.0,1150171265674839.5,0.0,0.0,0.9995322887689144,O3_dominant,0.0
200.0,1.6360618991985646e+16,0.0,376446908151649.3,22859312304204.402,0.0,1130209376778346.2,0.0,0.0,0.9995257768514828,O3_dominant,0.0
201.0,1.6339146846841596e+16,0.0,414587836091569.5,25954087818017.17,0.0,1128779883172718.0,0.0,0.0,0.9995289180933853,O3_dominant,0.0
202.0,1.6309590788441258e+16,0.0,382879879637881.44,19783916303101.56,0.0,1101638252152866.0,0.0,0.0,0.9995339789940755,O3_dominant,0.0
203.0,1.6298334444925752e+16,0.0,387827914114574.4,19681271611424.715,0.0,1133791795757784.0,0.0,0.0,0.9995295344258304,O3_dominant,0.0
204.0,1.6277216996360338e+16,0.0,371219443388625.3,33338142467549.973,0.0,1143502932712754.0,0.0,0.0,0.9995366392566025,O3_dominant,0.0
205.0,1.6268800736505678e+16,0.0,335175021949354.44,25772681187573.844,0.0,1139067743892647.5,0.0,0.0,0.9995365696701942,O3_dominant,0.0
206.0,1.6260138929367756e+16,0.0,396223911790615.3,21759216774704.48,0.0,1149925807952174.8,0.0,0.0,0.9995284109871915,O3_dominant,0.0
207.0,1.6244562792557424e+16,0.0,382447927960118.5,29079392474243.71,0.0,1128539886682473.0,0.0,0.0,0.999531075357651,O3_dominant,0.0
208.0,1.6227750265537068e+16,0.0,374670187310748.4,19421605365615.04,0.0,1114305317099228.1,0.0,0.0,0.9995376126930702,O3_dominant,0.0
209.0,1.6207203081956116e+16,0.0,371134346738549.25,23305655353007.86,0.0,1129487176064027.0,0.0,0.0,0.9995355770489278,O3_dominant,0.0
210.0,1.6183862899908044e+16,0.0,407978080122760.9,22310935885669.47,0.0,1134266465434598.5,0.0,0.0,0.9995403279226035,O3_dominant,0.0
211.0,1.6166678051082212e+16,0.0,347137526954878.9,21607940369952.793,0.0,1129672416167846.0,0.0,0.0,0.999532913446256,O3_dominant,0.0
212.0,1.6149536382572862e+16,0.0,365597549686526.5,27650108148358.027,0.0,1128535094283558.0,0.0,0.0,0.999535374370807,O3_dominant,0.0
213.0,1.612362871277324e+16,0.0,355156150626299.7,22015271253657.797,0.0,1128980594423950.5,0.0,0.0,0.9995327426502115,O3_dominant,0.0
214.0,1.6103642178523854e+16,0.0,381075864767245.3,20136487475401.44,0.0,1126206902220369.2,0.0,0.0,0.9995379657568477,O3_dominant,0.0
215.0,1.6076580325273536e+16,0.0,339527079708558.5,19469024252205.99,0.0,1131189172219935.5,0.0,0.0,0.999540334826951,O3_dominant,0.0
216.0,1.6050316496777624e+16,0.0,363467598052762.44,32588326069447.945,0.0,1125218169627045.1,0.0,0.0,0.9995422891473035,O3_dominant,0.0
217.0,1.602554305957028e+16,0.0,337080764719989.1,23290603311563.94,0.0,1117499453531864.0,0.0,0.0,0.9995405649997369,O3_dominant,0.0
218.0,1.6010569283253674e+16,0.0,419613956529650.56,26422414191273.125,0.0,1118901828974870.8,0.0,0.0,0.9995451498240858,O3_dominant,0.0
219.0,1.5987865206321976e+16,0.0,385578528496987.7,28444825529920.63,0.0,1113265906395867.1,0.0,0.0,0.9995415729807358,O3_dominant,0.0
220.0,1.5980738215228462e+16,0.0,383608831537387.44,22114917882707.125,0.0,1126921029773046.5,0.0,0.0,0.9995387407826215,O3_dominant,0.0
221.0,1.59577775947854e+16,0.0,329583756461765.5,28142931123134.004,0.0,1117300670399025.5,0.0,0.0,0.9995407702590198,O3_dominant,0.0
222.0,1.593780399396225e+16,0.0,375946947914079.4,24082931423529.05,0.0,1128276699808679.0,0.0,0.0,0.9995430444470472,O3_dominant,0.0
223.0,1.592469223565903e+16,0.0,372077054700585.25,20428150912759.605,0.0,1140254090661970.8,0.0,0.0,0.9995401171458435,O3_dominant,0.0
224.0,1.5915633091879978e+16,0.0,496631206410421.8,29165022588100.746,0.0,1124259501548888.1,0.0,0.0,0.9995423211810999,O3_dominant,0.0
225.0,1.5887494531641716e+16,0.0,344645141860542.1,13262337808269.77,0.0,1130535054046848.5,0.0,0.0,0.9995378898238674,O3_dominant,0.0
226.0,1.5864395144188198e+16,0.0,323563156645626.4,23255228458916.18,0.0,1130855032267182.0,0.0,0.0,0.9995419505592574,O3_dominant,0.0
227.0,1.5840066967581486e+16,0.0,282577663048544.94,20818746550822.8,0.0,1115193506096052.1,0.0,0.0,0.9995398806492889,O3_dominant,0.0
228.0,1.5816861855359338e+16,0.0,357797441264429.7,29222392262683.758,0.0,1127758951954569.8,0.0,0.0,0.9995397244459876,O3_dominant,0.0
229.0,1.580907598554575e+16,0.0,347182753410814.3,25532198297693.09,0.0,1114010124737334.9,0.0,0.0,0.9995460416392075,O3_dominant,0.0
230.0,1.5802557670611638e+16,0.0,412020977771394.6,24962219009215.73,0.0,1137636574561344.5,0.0,0.0,0.9995310503981248,O3_dominant,0.0
231.0,1.5775227585415142e+16,0.0,322184487362638.0,19790504825818.6,0.0,1142186025309183.0,0.0,0.0,0.9995417258477021,O3_dominant,0.0
232.0,1.5766218345710034e+16,0.0,386734563725096.94,24535794243046.473,0.0,1117873207625786.6,0.0,0.0,0.9995386982612701,O3_dominant,0.0
233.0,1.5739613959882274e+16,0.0,333209188788295.0,23383319491429.098,0.0,1110516341835334.4,0.0,0.0,0.999544758171715,O3_dominant,0.0
234.0,1.5719841719554774e+16,0.0,320937140054251.1,18710238409528.06,0.0,1109575358223540.8,0.0,0.0,0.9995400814880551,O3_dominant,0.0
235.0,1.5705170054871244e+16,0.0,352941670691311.44,24995651055257.31,0.0,1127847908269959.5,0.0,0.0,0.9995364328292171,O3_dominant,0.0
236.0,1.5678907404936542e+16,0.0,408072581205891.1,28847325332586.81,0.0,1126794289928755.5,0.0,0.0,0.9995409160099585,O3_dominant,0.0
237.0,1.5654135746436546e+16,0.0,358090715666804.56,16404409379723.574,0.0,1128752983893788.8,0.0,0.0,0.9995363195030433,O3_dominant,0.0
238.0,1.5630755897579274e+16,0.0,366408857866622.94,30659999095844.527,0.0,1124463825331255.9,0.0,0.0,0.9995348937758941,O3_dominant,0.0
239.0,1.5604951256152094e+16,0.0,394590906806576.75,27558854974410.137,0.0,1128979234805122.5,0.0,0.0,0.999544085910811,O3_dominant,0.0
240.0,1.557364418137235e+16,0.0,395811090355568.25,25811228662336.406,0.0,1127580015640597.8,0.0,0.0,0.9995361612437969,O3_dominant,0.0
241.0,1.555524131002623e+16,0.0,446616634179894.8,27381185146175.402,0.0,1119305861960515.4,0.0,0.0,0.9995469941107578,O3_dominant,0.0
242.0,1.5525354416712634e+16,0.0,336586264558515.2,23695189235974.28,0.0,1112957848463359.0,0.0,0.0,0.9995340459880668,O3_dominant,0.0
243.0,1.5505212388042836e+16,0.0,340328034407893.75,24751578766466.406,0.0,1133831642604091.2,0.0,0.0,0.9995436084456472,O3_dominant,0.0
244.0,1.547908596793778e+16,0.0,325448680805723.5,21835963315396.695,0.0,1112139346279982.2,0.0,0.0,0.9995404067109778,O3_dominant,0.0
245.0,1.5471885102983784e+16,0.0,432842182123939.6,31547336550521.363,0.0,1121519893934221.2,0.0,0.0,0.9995389241007493,O3_dominant,0.0
246.0,1.544591389404872e+16,0.0,476549202857520.0,36434439996855.08,0.0,1127403016697072.0,0.0,0.0,0.9995406040495796,O3_dominant,0.0
247.0,1.5410948249143218e+16,0.0,319098262903450.0,23708858175037.207,0.0,1127719286815371.8,0.0,0.0,0.999545262013386,O3_dominant,0.0
248.0,1.539016508769576e+16,0.0,343611098028655.56,22817855026726.297,0.0,1132391411959581.5,0.0,0.0,0.9995434330322256,O3_dominant,0.0
249.0,1.537911643939978e+16,0.0,337497262073711.06,20898323527908.285,0.0,1136320774948354.5,0.0,0.0,0.9995349279951586,O3_dominant,0.0
250.0,1.5359874836570102e+16,0.0,353676120491633.56,25773931504848.98,0.0,1135978186306010.8,0.0,0.0,0.9995344584288578,O3_dominant,0.0
251.0,1.5330388141049788e+16,0.0,362164494713762.44,24203390662257.65,0.0,1126409702799592.5,0.0,0.0,0.9995468691781406,O3_dominant,0.0
252.0,1.5309395836792792e+16,0.0,386642813145137.4,25512672616525.66,0.0,1109304606974048.1,0.0,0.0,0.9995398536387435,O3_dominant,0.0
253.0,1.5284946136054144e+16,0.0,368917547732192.9,27787851945134.277,0.0,1122319509650586.2,0.0,0.0,0.9995469580562832,O3_dominant,0.0
254.0,1.5257068627719014e+16,0.0,399689782294837.1,31100893813592.555,0.0,1118964237414256.2,0.0,0.0,0.9995390364265526,O3_dominant,0.0
255.0,1.5251935129033894e+16,0.0,393155686093779.9,33550705390331.4,0.0,1104676063573547.1,0.0,0.0,0.9995401873876109,O3_dominant,0.0
256.0,1.522827836795462e+16,0.0,322977268365261.75,19812874022846.824,0.0,1126177056041655.8,0.0,0.0,0.9995440679229572,O3_dominant,0.0
257.0,1.5214560882945916e+16,0.0,373830095842668.44,26395360017563.65,0.0,1115757850686570.2,0.0,0.0,0.9995467655395261,O3_dominant,0.0
258.0,1.5187228326321862e+16,0.0,343409170462365.4,19100034155473.59,0.0,1114170294803380.0,0.0,0.0,0.9995564100247101,O3_dominant,0.0
259.0,1.5168131847089002e+16,0.0,338179775311931.1,24758292110382.887,0.0,1126077198970902.8,0.0,0.0,0.9995406079937081,O3_dominant,0.0
260.0,1.514746075227383e+16,0.0,304578455322329.0,21799380877632.016,0.0,1109366379756914.8,0.0,0.0,0.999548329450774,O3_dominant,0.0
261.0,1.5134024278389118e+16,0.0,357764364753269.94,27897070375286.773,0.0,1113786773704600.6,0.0,0.0,0.9995436344347411,O3_dominant,0.0
262.0,1.512158886372122e+16,0.0,377064857771791.3,27984380075244.63,0.0,1102673788251396.1,0.0,0.0,0.9995451003099014,O3_dominant,0.0
263.0,1.5101074973544392e+16,0.0,317742183386219.1,21339799168285.125,0.0,1117371095131527.4,0.0,0.0,0.9995402738046918,O3_dominant,0.0
264.0,1.508229973771602e+16,0.0,379443224652495.5,28837418224917.203,0.0,1130295717614533.2,0.0,0.0,0.9995461315934063,O3_dominant,0.0
265.0,1.5061864193600676e+16,0.0,332242327398594.0,23863097048394.63,0.0,1135279972011798.8,0.0,0.0,0.9995458413875726,O3_dominant,0.0
266.0,1.5038755429908712e+16,0.0,365348059078673.75,29788332028021.703,0.0,1131185929350175.5,0.0,0.0,0.9995435442094217,O3_dominant,0.0
267.0,1.5013634452003706e+16,0.0,343748727940447.6,24266320004329.438,0.0,1103062915752355.5,0.0,0.0,0.9995466290571384,O3_dominant,0.0
268.0,1.4997692375687558e+16,0.0,329080643221624.94,21572384605334.527,0.0,1119582623980710.0,0.0,0.0,0.9995493196433295,O3_dominant,0.0
269.0,1.4981091142426062e+16,0.0,397349314871775.75,34436867933436.094,0.0,1130861714371021.8,0.0,0.0,0.9995450786569452,O3_dominant,0.0
270.0,1.4959292382065334e+16,0.0,335716922914649.3,22176869121890.97,0.0,1094328420204559.0,0.0,0.0,0.9995534834460442,O3_dominant,0.0
271.0,1.4927888681836936e+16,0.0,304384610645933.06,22358753470480.086,0.0,1110009278026192.2,0.0,0.0,0.99954165646225,O3_dominant,0.0
272.0,1.4900108870828764e+16,0.0,347398910895921.25,21042730847087.99,0.0,1121637796793139.1,0.0,0.0,0.999547876939132,O3_dominant,0.0
273.0,1.4882066501678904e+16,0.0,394055196151404.1,27175105895164.61,0.0,1129257156636080.5,0.0,0.0,0.9995441719544745,O3_dominant,0.0
274.0,1.4851658742540598e+16,0.0,377313536504476.75,25046044414063.16,0.0,1144247789140365.0,0.0,0.0,0.9995450065502329,O3_dominant,0.0
275.0,1.4831258864477466e+16,0.0,364497101773056.9,23768457177278.41,0.0,1106374786468510.1,0.0,0.0,0.9995461163402943,O3_dominant,0.0
276.0,1.4805260633928154e+16,0.0,367700134873643.7,21284345781318.242,0.0,1109908715759380.4,0.0,0.0,0.9995501248413616,O3_dominant,0.0
277.0,1.4782141377792956e+16,0.0,310488778054509.5,20461600697132.684,0.0,1114629710226282.1,0.0,0.0,0.9995494777500101,O3_dominant,0.0
278.0,1.4772171622112898e+16,0.0,371849409530348.06,22564725939468.457,0.0,1104725590904911.6,0.0,0.0,0.9995468081591219,O3_dominant,0.0
279.0,1.4748754667178306e+16,0.0,359807525275936.4,17926987051092.5,0.0,1115482617688217.0,0.0,0.0,0.9995445805587412,O3_dominant,0.0
280.0,1.4739123281896578e+16,0.0,341101651691862.7,19348491614790.723,0.0,1126330917627267.0,0.0,0.0,0.9995457132821693,O3_dominant,0.0
281.0,1.4724784636822824e+16,0.0,376815233967398.25,19983653345437.34,0.0,1097752533325735.0,0.0,0.0,0.9995438198043506,O3_dominant,0.0
282.0,1.4698029606322988e+16,0.0,363905090292535.9,27217949015811.02,0.0,1114345514671424.6,0.0,0.0,0.9995476415515198,O3_dominant,0.0
283.0,1.4670783937393884e+16,0.0,329590498109983.9,28519234626199.137,0.0,1126236454823799.8,0.0,0.0,0.9995491180703151,O3_dominant,0.0
284.0,1.466115645851444e+16,0.0,366426775449906.44,30270759100348.816,0.0,1105081062122731.2,0.0,0.0,0.9995517434977744,O3_dominant,0.0
285.0,1.46517024079716e+16,0.0,369792448146067.06,26382808359180.25,0.0,1122208377704807.8,0.0,0.0,0.9995491048120513,O3_dominant,0.0
286.0,1.4642205551967558e+16,0.0,349872958683685.6,24306840520381.984,0.0,1114024444520276.2,0.0,0.0,0.999543880562029,O3_dominant,0.0
287.0,1.4626948837641984e+16,0.0,394782490309709.5,24278845589791.66,0.0,1125278251498162.0,0.0,0.0,0.9995479215820735,O3_dominant,0.0
288.0,1.460997906386367e+16,0.0,339156332381898.4,19410392264760.023,0.0,1121567647875482.6,0.0,0.0,0.9995513961230899,O3_dominant,0.0
289.0,1.4603444314908478e+16,0.0,311458911447252.25,19815900483737.52,0.0,1111882907875526.1,0.0,0.0,0.9995542572675443,O3_dominant,0.0
290.0,1.4593665384614194e+16,0.0,308336400368642.6,19555377397767.82,0.0,1119202482970182.5,0.0,0.0,0.9995458659300285,O3_dominant,0.0
291.0,1.4574476863323368e+16,0.0,357713894307935.75,26619468251420.727,0.0,1107576783431335.4,0.0,0.0,0.9995506407993767,O3_dominant,0.0
292.0,1.4562086070153174e+16,0.0,393863989402972.1,27546943890178.453,0.0,1113699056280770.8,0.0,0.0,0.9995508447232935,O3_dominant,0.0
293.0,1.454994975857858e+16,0.0,344587927892765.2,19908989404532.023,0.0,1110365767909702.8,0.0,0.0,0.9995459596958753,O3_dominant,0.0
294.0,1.4547161549355354e+16,0.0,368184272737394.56,25322068727805.082,0.0,1097751304139928.8,0.0,0.0,0.9995491926198452,O3_dominant,0.0
295.0,1.4520237355966522e+16,0.0,313568950620975.6,20429644760828.12,0.0,1108763072810134.5,0.0,0.0,0.9995501808181027,O3_dominant,0.0
296.0,1.450854925447586e+16,0.0,372995062496164.56,30209147357054.9,0.0,1122541026341830.4,0.0,0.0,0.9995442471558277,O3_dominant,0.0
297.0,1.447792532911278e+16,0.0,384411213782416.25,22413815537684.977,0.0,1113869306129535.2,0.0,0.0,0.9995524361624906,O3_dominant,0.0
298.0,1.4451101014372484e+16,0.0,351023682414303.2,21415861357149.527,0.0,1101277352099428.2,0.0,0.0,0.9995582643655254,O3_dominant,0.0
299.0,1.4427383831770216e+16,0.0,397898498138628.7,30322832820815.496,0.0,1102503869625728.8,0.0,0.0,0.9995519881650113,O3_dominant,0.0
300.0,1.439781707629539e+16,0.0,360970417310552.56,30456572710500.402,0.0,1115761652962588.0,0.0,0.0,0.9995458627011725,O3_dominant,0.0
301.0,1.4376432183503748e+16,0.0,366012305571784.94,29601311399074.38,0.0,1117825778573156.5,0.0,0.0,0.9995507721946457,O3_dominant,0.0
302.0,1.4366561044469572e+16,0.0,412554299637552.06,32661048617292.8,0.0,1113282886269828.6,0.0,0.0,0.9995534408575604,O3_dominant,0.0
303.0,1.4337481204850466e+16,0.0,332685157263542.4,23529425140622.58,0.0,1112802858753945.6,0.0,0.0,0.9995529305735626,O3_dominant,0.0
304.0,1.4313009556013422e+16,0.0,440331302151876.5,34846816534427.668,0.0,1108506437041243.8,0.0,0.0,0.9995489842225973,O3_dominant,0.0
305.0,1.4298048953909228e+16,0.0,391004543313308.25,27974806728684.3,0.0,1091981044263577.8,0.0,0.0,0.999545824024974,O3_dominant,0.0
306.0,1.4268926453935304e+16,0.0,342069398426763.06,23565638430025.863,0.0,1098608785949243.0,0.0,0.0,0.9995466219299182,O3_dominant,0.0
307.0,1.4243213493392326e+16,0.0,306290597497101.25,24530948307657.227,0.0,1095673854145948.0,0.0,0.0,0.9995591809133848,O3_dominant,0.0
308.0,1.4220568382158014e+16,0.0,380543429088468.6,36246207984668.85,0.0,1108576026913544.1,0.0,0.0,0.9995415976431781,O3_dominant,0.0
309.0,1.4196399812931402e+16,0.0,386005258437380.4,27413179125284.87,0.0,1112292594439146.1,0.0,0.0,0.9995496774983134,O3_dominant,0.0
310.0,1.4175217913438638e+16,0.0,323349166944258.56,21527809249156.844,0.0,1102305096139605.0,0.0,0.0,0.9995563070043109,O3_dominant,0.0
311.0,1.4169178122802598e+16,0.0,453301581634035.06,36531659105427.516,0.0,1103906366427924.0,0.0,0.0,0.999550503271962,O3_dominant,0.0
312.0,1.4136108921915722e+16,0.0,281511486383629.9,19546417359080.566,0.0,1100218406329561.8,0.0,0.0,0.9995500085878825,O3_dominant,0.0
313.0,1.4124117637202576e+16,0.0,321722921909618.75,24355943032375.727,0.0,1098136994588708.5,0.0,0.0,0.9995476789592063,O3_dominant,0.0
